"宁波市海曙区耕泽石刻博物馆","博物馆地址","海曙区高桥镇岐阳村下边1号"
"湖州市南浔区徐迟文学馆","联系方式","0574-87265969"
"平湖市博物馆","博物馆性质","非国有博物馆"
"湖州瑞一历史文物博物馆","主键","0bff6070-7658-4248-92c6-9ecd3e85b267"
"宁海县许家山石文化展示馆","行政区划名称","宁波市"
"宁波市海曙区耕泽石刻博物馆","博物馆地址","湖州市南浔镇园林路98号南浔文园内"
"湖州市南浔区徐迟文学馆","联系方式","0572-3019033"
"平湖市博物馆","博物馆性质","非国有博物馆"
"湖州瑞一历史文物博物馆","主键","9eb5c464-d3f2-4408-b08d-a463d2aeed58"
"宁海县许家山石文化展示馆","行政区划名称","湖州市"
"宁波市海曙区耕泽石刻博物馆","博物馆地址","平湖市当湖街道新华南路372号"
"湖州市南浔区徐迟文学馆","联系方式","0573-85562203"
"平湖市博物馆","博物馆性质","国有博物馆"
"湖州瑞一历史文物博物馆","主键","8a9635fb-ad88-4e55-9af5-bce74e18044e"
"宁海县许家山石文化展示馆","行政区划名称","嘉兴市"
"宁波市海曙区耕泽石刻博物馆","博物馆地址","湖州市太湖路259-273号"
"湖州市南浔区徐迟文学馆","联系方式","0572-2178567"
"平湖市博物馆","博物馆性质","非国有博物馆"
"湖州瑞一历史文物博物馆","主键","75433751-b57d-431f-94cb-85a3ce7fceb7"
"宁海县许家山石文化展示馆","行政区划名称","湖州市"
"宁波市海曙区耕泽石刻博物馆","博物馆地址","宁海县茶院乡许家山"
"宁波市海曙区耕泽石刻博物馆","博物馆地址","平阳县腾蛟镇腾带村励志路"
"湖州市南浔区徐迟文学馆","联系方式","0577-58106535"
"平湖市博物馆","博物馆性质","国有博物馆"
"湖州瑞一历史文物博物馆","主键","28c97aa1-2bba-4c91-a610-21e89b5dbac4"
"宁海县许家山石文化展示馆","行政区划名称","温州市"
"宁波市海曙区耕泽石刻博物馆","博物馆地址","平阳县昆阳镇西城下南路8号"
"湖州市南浔区徐迟文学馆","联系方式","0577-63183800"
"平湖市博物馆","博物馆性质","国有博物馆"
"湖州瑞一历史文物博物馆","主键","62cc347f-bed8-4d1d-9e6f-0287edf50490"
"宁海县许家山石文化展示馆","行政区划名称","温州市"
"宁波市海曙区耕泽石刻博物馆","博物馆地址","永嘉县金溪镇前山村龙里湾巷9-5号"
"宁波市海曙区耕泽石刻博物馆","博物馆地址","慈溪市古塘街道坎墩大道155号"
"湖州市南浔区徐迟文学馆","联系方式","0574-63288204"
"平湖市博物馆","博物馆性质","非国有博物馆"
"湖州瑞一历史文物博物馆","主键","661e60c3-999d-4cb5-b22b-0d21684d2956"
"宁海县许家山石文化展示馆","行政区划名称","宁波市"
"宁波市海曙区耕泽石刻博物馆","博物馆地址","越城区群贤中路镜湖湿地儿童乐园内"
"湖州市南浔区徐迟文学馆","联系方式","5.7588405028E10"
"平湖市博物馆","博物馆性质","非国有博物馆"
"湖州瑞一历史文物博物馆","主键","629e6d81-1ea3-4a11-b507-f6ebe6c39bff"
"宁海县许家山石文化展示馆","行政区划名称","绍兴市"
"宁波市海曙区耕泽石刻博物馆","博物馆地址","嘉兴市农翔路805号"
"湖州市南浔区徐迟文学馆","联系方式","0573-83415810"
"平湖市博物馆","博物馆性质","非国有博物馆"
"湖州瑞一历史文物博物馆","主键","6ec70831-99c8-41d1-84eb-9f62a66c5825"
"宁海县许家山石文化展示馆","行政区划名称","嘉兴市"
"宁波市海曙区耕泽石刻博物馆","博物馆地址","湖州市衣裳街吉安巷1号"
"湖州市南浔区徐迟文学馆","联系方式","0572-2298838"
"平湖市博物馆","博物馆性质","非国有博物馆"
"湖州瑞一历史文物博物馆","主键","7166a126-26f9-4cc4-9aab-a6ffa1445689"
"宁海县许家山石文化展示馆","行政区划名称","湖州市"
"宁波市海曙区耕泽石刻博物馆","博物馆地址","余姚市梁辉开发区中兴路1号"
"宁波市海曙区耕泽石刻博物馆","博物馆地址","瑞安市莘塍东街446号"
"湖州市南浔区徐迟文学馆","联系方式","6.5176798E7"
"平湖市博物馆","博物馆性质","非国有博物馆"
"湖州瑞一历史文物博物馆","主键","e153381b-565b-49ca-983d-4ad9b469f44e"
"宁海县许家山石文化展示馆","行政区划名称","温州市"
"宁波市海曙区耕泽石刻博物馆","博物馆地址","文成县文化中心"
"湖州市南浔区徐迟文学馆","联系方式","0577-67838871"
"平湖市博物馆","博物馆性质","国有博物馆"
"湖州瑞一历史文物博物馆","主键","da5a6045-637d-4aa3-986a-22b8be39e2e8"
"宁海县许家山石文化展示馆","行政区划名称","温州市"
"宁波市海曙区耕泽石刻博物馆","博物馆地址","龙游县宝塔路46号"
"湖州市南浔区徐迟文学馆","联系方式","0570-7855430"
"平湖市博物馆","博物馆性质","国有博物馆"
"湖州瑞一历史文物博物馆","主键","5e8dfad3-e4ef-4743-bece-ffa7846bd836"
"宁海县许家山石文化展示馆","行政区划名称","衢州市"
"宁波市海曙区耕泽石刻博物馆","博物馆地址","金华市永康街288号"
"湖州市南浔区徐迟文学馆","联系方式","0579-82069176"
"平湖市博物馆","博物馆性质","国有博物馆"
"湖州瑞一历史文物博物馆","主键","baf8a092-1ad8-4f9c-86ba-4037dcf20621"
"宁海县许家山石文化展示馆","行政区划名称","金华市"
"宁波市海曙区耕泽石刻博物馆","博物馆地址","浙江省杭州市吴山广场28号"
"湖州市南浔区徐迟文学馆","联系方式","0571-87835356"
"平湖市博物馆","博物馆性质","国有博物馆"
"湖州瑞一历史文物博物馆","主键","acc6f10d-b10f-4c0c-acea-4098ba3d48e8"
"宁海县许家山石文化展示馆","行政区划名称","杭州市"
"宁波市海曙区耕泽石刻博物馆","博物馆地址","鄞州区首南街道桃江村"
"宁波市海曙区耕泽石刻博物馆","博物馆地址","杭州市余杭区南苑街道世纪大道170号"
"湖州市南浔区徐迟文学馆","联系方式","0571-88518899"
"平湖市博物馆","博物馆性质","非国有博物馆"
"湖州瑞一历史文物博物馆","主键","bca2087c-ea05-4800-911b-e1942d7ef4f6"
"宁海县许家山石文化展示馆","行政区划名称","杭州市"
"宁波市海曙区耕泽石刻博物馆","博物馆地址","杭州市萧山区河上镇凤坞村梦娜斯庄园1号楼"
"宁波市海曙区耕泽石刻博物馆","博物馆地址","临海市绿化路与柏叶路东北角（大洋影城内）"
"宁波市海曙区耕泽石刻博物馆","博物馆地址"," 浙江省永康市文博路1号"
"湖州市南浔区徐迟文学馆","联系方式","0579-89263860"
"平湖市博物馆","博物馆性质","国有博物馆"
"湖州瑞一历史文物博物馆","主键","033725a4-896f-44ca-8753-32b2c45094f8"
"宁海县许家山石文化展示馆","行政区划名称","金华市"
"宁波市海曙区耕泽石刻博物馆","博物馆地址","东阳市世贸大道路180号"
"湖州市南浔区徐迟文学馆","联系方式","0579-86520186"
"平湖市博物馆","博物馆性质","国有博物馆"
"湖州瑞一历史文物博物馆","主键","28f84914-4866-410c-bce6-e29e3df189bd"
"宁海县许家山石文化展示馆","行政区划名称","金华市"
"宁波市海曙区耕泽石刻博物馆","博物馆地址","松阳县西屏街道吴家山脚1号"
"湖州市南浔区徐迟文学馆","联系方式","0578-8063079"
"平湖市博物馆","博物馆性质","国有博物馆"
"湖州瑞一历史文物博物馆","主键","29191ace-37cb-46a0-8bd6-f4bdf66ad56d"
"宁海县许家山石文化展示馆","行政区划名称","丽水市"
"宁波市海曙区耕泽石刻博物馆","博物馆地址","嘉兴市秀洲区新塍镇中北大街11号"
"湖州市南浔区徐迟文学馆","联系方式","0573-83402015"
"平湖市博物馆","博物馆性质","国有博物馆"
"湖州瑞一历史文物博物馆","主键","e75b730f-b049-4e0c-9813-29c1e254c730"
"宁海县许家山石文化展示馆","行政区划名称","嘉兴市"
"宁波市海曙区耕泽石刻博物馆","博物馆地址","湖州市德清县武康街道云岫南路7号"
"湖州市南浔区徐迟文学馆","联系方式","0572-8289205"
"平湖市博物馆","博物馆性质","国有博物馆"
"湖州瑞一历史文物博物馆","主键","b5151b64-61b0-4b48-add5-33c4dc27cebc"
"宁海县许家山石文化展示馆","行政区划名称","湖州市"
"宁波市海曙区耕泽石刻博物馆","博物馆地址","杭州市延安路238号大光明眼镜"
"湖州市南浔区徐迟文学馆","联系方式","0571-87071888"
"平湖市博物馆","博物馆性质","非国有博物馆"
"湖州瑞一历史文物博物馆","主键","bbec0599-37f7-4b0a-8510-23e7de7adb71"
"宁海县许家山石文化展示馆","行政区划名称","杭州市"
"宁波市海曙区耕泽石刻博物馆","博物馆地址","温州市鹿城区松台街道胜昔桥54号"
"湖州市南浔区徐迟文学馆","联系方式","0577-88285526"
"平湖市博物馆","博物馆性质","国有博物馆"
"湖州瑞一历史文物博物馆","主键","ae57b839-1b57-4441-af6f-c3dfc5139405"
"宁海县许家山石文化展示馆","行政区划名称","温州市"
"宁波市海曙区耕泽石刻博物馆","博物馆地址","宁波市苍水街194号"
"湖州市南浔区徐迟文学馆","联系方式","0574-87270335"
"平湖市博物馆","博物馆性质","国有博物馆"
"湖州瑞一历史文物博物馆","主键","fc146363-0ae2-45b3-95c6-178f42c5c976"
"宁海县许家山石文化展示馆","行政区划名称","宁波市"
"宁波市海曙区耕泽石刻博物馆","博物馆地址","丽水市莲都区括苍路583号"
"湖州市南浔区徐迟文学馆","联系方式","0578-2113393"
"平湖市博物馆","博物馆性质","国有博物馆"
"湖州瑞一历史文物博物馆","主键","dac20dd7-471e-48e3-a103-6880c1fb26c8"
"宁海县许家山石文化展示馆","行政区划名称","丽水市"
"宁波市海曙区耕泽石刻博物馆","博物馆地址","绍兴越城区东浦街道运河园"
"湖州市南浔区徐迟文学馆","联系方式","0575-85385082    13645756466"
"平湖市博物馆","博物馆性质","非国有博物馆"
"湖州瑞一历史文物博物馆","主键","e96d29cf-4775-4966-9640-fc0f605b8bfa"
"宁海县许家山石文化展示馆","行政区划名称","绍兴市"
"宁波市海曙区耕泽石刻博物馆","博物馆地址","宁波市鄞州区启明路818号创新128园区9幢68号"
"湖州市南浔区徐迟文学馆","联系方式","0574-88169688"
"平湖市博物馆","博物馆性质","非国有博物馆"
"湖州瑞一历史文物博物馆","主键","806dea90-9dcb-41a7-8bee-15644763caa0"
"宁海县许家山石文化展示馆","行政区划名称","宁波市"
"宁波市海曙区耕泽石刻博物馆","博物馆地址","武义县温泉北路以东芳华路北侧地块"
"湖州市南浔区徐迟文学馆","联系方式","0579-87645228"
"平湖市博物馆","博物馆性质","国有博物馆"
"湖州瑞一历史文物博物馆","主键","f6f596f9-127e-4286-99eb-7b9c8c3b3976"
"宁海县许家山石文化展示馆","行政区划名称","金华市"
"宁波市海曙区耕泽石刻博物馆","博物馆地址","绍兴市上虞区舜耕大道518号"
"湖州市南浔区徐迟文学馆","联系方式","1.5258506366E10"
"平湖市博物馆","博物馆性质","非国有博物馆"
"湖州瑞一历史文物博物馆","主键","cb651e31-cfba-466f-a3f9-ba08fa5296de"
"宁海县许家山石文化展示馆","行政区划名称","绍兴市"
"宁波市海曙区耕泽石刻博物馆","博物馆地址","湖州市吴兴区田盛街263号"
"湖州市南浔区徐迟文学馆","联系方式","0572-2262267"
"平湖市博物馆","博物馆性质","非国有博物馆"
"湖州瑞一历史文物博物馆","主键","6e03f8fe-43f5-4e18-9b55-ec03054dc990"
"宁海县许家山石文化展示馆","行政区划名称","湖州市"
"宁波市海曙区耕泽石刻博物馆","博物馆地址","永康市五湖路1号"
"湖州市南浔区徐迟文学馆","联系方式","0579-87282866"
"平湖市博物馆","博物馆性质","国有博物馆"
"湖州瑞一历史文物博物馆","主键","9c5a4f9a-2d11-4a47-a2ab-4d9c042996db"
"宁海县许家山石文化展示馆","行政区划名称","金华市"
"宁波市海曙区耕泽石刻博物馆","博物馆地址","苍南县藻溪镇鲤鱼山公园"
"湖州市南浔区徐迟文学馆","联系方式","1.505778019E10"
"平湖市博物馆","博物馆性质","非国有博物馆"
"湖州瑞一历史文物博物馆","主键","691614f8-5be3-42d1-9366-b7c3a034593d"
"宁海县许家山石文化展示馆","行政区划名称","温州市"
"宁波市海曙区耕泽石刻博物馆","博物馆地址","浙江省绍兴市笔飞弄7号（钱业会馆内）"
"宁波市海曙区耕泽石刻博物馆","博物馆地址","安吉县报福镇上张村"
"湖州市南浔区徐迟文学馆","联系方式","0572-5600718"
"平湖市博物馆","博物馆性质","非国有博物馆"
"湖州瑞一历史文物博物馆","主键","49548266-ad0e-4581-8e76-6e8b52b5efbc"
"宁海县许家山石文化展示馆","行政区划名称","湖州市"
"宁波市海曙区耕泽石刻博物馆","博物馆地址","瑞安市瑞光大道隆山公园南入口门楼"
"湖州市南浔区徐迟文学馆","联系方式","0577-65066898"
"平湖市博物馆","博物馆性质","非国有博物馆"
"湖州瑞一历史文物博物馆","主键","ece96d09-6a9d-4411-8886-949152e4f588"
"宁海县许家山石文化展示馆","行政区划名称","温州市"
"宁波市海曙区耕泽石刻博物馆","博物馆地址","永康市紫薇中路138号"
"宁波市海曙区耕泽石刻博物馆","博物馆地址","湖州市德清县新市镇子思桥村"
"湖州市南浔区徐迟文学馆","联系方式","0572-8068777"
"平湖市博物馆","博物馆性质","非国有博物馆"
"湖州瑞一历史文物博物馆","主键","e350f53a-11e8-4916-8d66-3fefcce65681"
"宁海县许家山石文化展示馆","行政区划名称","湖州市"
"宁波市海曙区耕泽石刻博物馆","博物馆地址","天台县赤城街道国清路333号"
"湖州市南浔区徐迟文学馆","联系方式","0576-83173505"
"平湖市博物馆","博物馆性质","国有博物馆"
"湖州瑞一历史文物博物馆","主键","46cd6241-3ab1-461f-8af4-97b8f2ac1db1"
"宁海县许家山石文化展示馆","行政区划名称","台州市"
"宁波市海曙区耕泽石刻博物馆","博物馆地址","宁波市江北区中马路542号"
"湖州市南浔区徐迟文学馆","联系方式","0574-87357583"
"平湖市博物馆","博物馆性质","国有博物馆"
"湖州瑞一历史文物博物馆","主键","22ee7d8f-0a5d-41fb-8b8a-9910d9672094"
"宁海县许家山石文化展示馆","行政区划名称","宁波市"
"宁波市海曙区耕泽石刻博物馆","博物馆地址","台州市黄岩区二环南路288号"
"湖州市南浔区徐迟文学馆","联系方式","0576-81120616"
"平湖市博物馆","博物馆性质","国有博物馆"
"湖州瑞一历史文物博物馆","主键","b031196b-eeec-483c-9ce3-48e3010dcf0f"
"宁海县许家山石文化展示馆","行政区划名称","台州市"
"宁波市海曙区耕泽石刻博物馆","博物馆地址","温州市森茂路118号"
"湖州市南浔区徐迟文学馆","联系方式","0577-86581111-8002"
"平湖市博物馆","博物馆性质","非国有博物馆"
"湖州瑞一历史文物博物馆","主键","b392921c-4eb8-48d8-a49a-2bfa0c1263c9"
"宁海县许家山石文化展示馆","行政区划名称","温州市"
"宁波市海曙区耕泽石刻博物馆","博物馆地址","浙江省海宁市盐官观潮景区古邑路9号"
"宁波市海曙区耕泽石刻博物馆","博物馆地址","平湖市当湖街道当湖路当湖公园内"
"湖州市南浔区徐迟文学馆","联系方式","0573-85127477"
"平湖市博物馆","博物馆性质","国有博物馆"
"湖州瑞一历史文物博物馆","主键","40e12212-7f3b-4f54-b1c2-05c612415418"
"宁海县许家山石文化展示馆","行政区划名称","嘉兴市"
"宁波市海曙区耕泽石刻博物馆","博物馆地址","杭州市南山路212号"
"湖州市南浔区徐迟文学馆","联系方式","0571-87912845"
"平湖市博物馆","博物馆性质","国有博物馆"
"湖州瑞一历史文物博物馆","主键","571a1556-4adf-4cbd-a17c-db589230028f"
"宁海县许家山石文化展示馆","行政区划名称","杭州市"
"宁波市海曙区耕泽石刻博物馆","博物馆地址","杭州市萧山区北干山南路453号"
"湖州市南浔区徐迟文学馆","联系方式","1.8906711668E10"
"平湖市博物馆","博物馆性质","非国有博物馆"
"湖州瑞一历史文物博物馆","主键","2ee5a5b7-6083-4e7d-862e-ed6fa9d56135"
"宁海县许家山石文化展示馆","行政区划名称","杭州市"
"宁波市海曙区耕泽石刻博物馆","博物馆地址","临海市河头镇羊岩茶场内"
"宁波市海曙区耕泽石刻博物馆","博物馆地址","浦江县江滨西路15号"
"湖州市南浔区徐迟文学馆","联系方式","0579-84111181"
"平湖市博物馆","博物馆性质","非国有博物馆"
"湖州瑞一历史文物博物馆","主键","ffe5d3ff-a943-41be-a967-50e8f670cba5"
"宁海县许家山石文化展示馆","行政区划名称","金华市"
"宁波市海曙区耕泽石刻博物馆","博物馆地址","金华市将军路鼓楼里70号"
"湖州市南浔区徐迟文学馆","联系方式","0579-82338358"
"平湖市博物馆","博物馆性质","国有博物馆"
"湖州瑞一历史文物博物馆","主键","46c1d8e1-ce8d-4716-9b0c-b7971e6be34f"
"宁海县许家山石文化展示馆","行政区划名称","金华市"
"宁波市海曙区耕泽石刻博物馆","博物馆地址","金华市婺江东路248号"
"湖州市南浔区徐迟文学馆","联系方式","0579-89136083"
"平湖市博物馆","博物馆性质","国有博物馆"
"湖州瑞一历史文物博物馆","主键","c290ac28-e9e6-4078-848f-5360aaae28df"
"宁海县许家山石文化展示馆","行政区划名称","金华市"
"宁波市海曙区耕泽石刻博物馆","博物馆地址","临海市永丰镇下塘园村"
"宁波市海曙区耕泽石刻博物馆","博物馆地址","余姚市马渚镇渚北东路31号"
"宁波市海曙区耕泽石刻博物馆","博物馆地址","钱湖人家三期96幢"
"湖州市南浔区徐迟文学馆","联系方式","0574-88496510"
"平湖市博物馆","博物馆性质","非国有博物馆"
"湖州瑞一历史文物博物馆","主键","b05e637e-26be-4a7f-8462-2da4a6c2a471"
"宁海县许家山石文化展示馆","行政区划名称","宁波市"
"宁波市海曙区耕泽石刻博物馆","博物馆地址","宁海县跃龙街道外环西路369号"
"湖州市南浔区徐迟文学馆","联系方式","0574-65519633"
"平湖市博物馆","博物馆性质","非国有博物馆"
"湖州瑞一历史文物博物馆","主键","1f409076-a8f6-4562-bd13-896a179d6e85"
"宁海县许家山石文化展示馆","行政区划名称","宁波市"
"宁波市海曙区耕泽石刻博物馆","博物馆地址","杭州市萧山区水博大道1号"
"湖州市南浔区徐迟文学馆","联系方式","0571-82863601"
"平湖市博物馆","博物馆性质","国有博物馆"
"湖州瑞一历史文物博物馆","主键","937d71a3-ea98-43b9-a2f3-7eb110456502"
"宁海县许家山石文化展示馆","行政区划名称","杭州市"
"宁波市海曙区耕泽石刻博物馆","博物馆地址","温州市黎明东路山下前巷59号"
"湖州市南浔区徐迟文学馆","联系方式","0577-88912306"
"平湖市博物馆","博物馆性质","非国有博物馆"
"湖州瑞一历史文物博物馆","主键","2515f673-9ab0-484c-9b22-970197249ca1"
"宁海县许家山石文化展示馆","行政区划名称","温州市"
"宁波市海曙区耕泽石刻博物馆","博物馆地址","舟山市定海区临城街道海月道34号"
"湖州市南浔区徐迟文学馆","联系方式","0580-8235212"
"平湖市博物馆","博物馆性质","非国有博物馆"
"湖州瑞一历史文物博物馆","主键","3505a070-6ae4-4c01-9604-0a75612c836d"
"宁海县许家山石文化展示馆","行政区划名称","舟山市"
"宁波市海曙区耕泽石刻博物馆","博物馆地址","嘉兴市栅堰路278号"
"湖州市南浔区徐迟文学馆","联系方式","0573-82131992"
"平湖市博物馆","博物馆性质","国有博物馆"
"湖州瑞一历史文物博物馆","主键","717b2db6-ee2b-4858-a3f1-d72df5401938"
"宁海县许家山石文化展示馆","行政区划名称","嘉兴市"
"宁波市海曙区耕泽石刻博物馆","博物馆地址","温岭市太平街道锦屏南路60号"
"湖州市南浔区徐迟文学馆","联系方式","0576-81623722"
"平湖市博物馆","博物馆性质","国有博物馆"
"湖州瑞一历史文物博物馆","主键","c9ac136a-d1ed-46a0-859e-450c718d1d94"
"宁海县许家山石文化展示馆","行政区划名称","台州市"
"宁波市海曙区耕泽石刻博物馆","博物馆地址","金华市东市街128号"
"湖州市南浔区徐迟文学馆","联系方式","0579-82350800"
"平湖市博物馆","博物馆性质","国有博物馆"
"湖州瑞一历史文物博物馆","主键","0514e0a1-f298-4e0d-9159-c1d98e8f4642"
"宁海县许家山石文化展示馆","行政区划名称","金华市"
"宁波市海曙区耕泽石刻博物馆","博物馆地址","杭州市南山路2-1号"
"湖州市南浔区徐迟文学馆","联系方式","0571-87977383"
"平湖市博物馆","博物馆性质","国有博物馆"
"湖州瑞一历史文物博物馆","主键","44a522e9-679d-4643-96d4-115b24485e28"
"宁海县许家山石文化展示馆","行政区划名称","杭州市"
"宁波市海曙区耕泽石刻博物馆","博物馆地址","临海市古城街道灵江山"
"湖州市南浔区徐迟文学馆","联系方式","0576-85152736"
"平湖市博物馆","博物馆性质","非国有博物馆"
"湖州瑞一历史文物博物馆","主键","b79208ad-bca6-4b9c-9c3c-0da478cd250f"
"宁海县许家山石文化展示馆","行政区划名称","台州市"
"宁波市海曙区耕泽石刻博物馆","博物馆地址","龙泉市剑川大道256号"
"湖州市南浔区徐迟文学馆","联系方式","0578-7129530"
"平湖市博物馆","博物馆性质","国有博物馆"
"湖州瑞一历史文物博物馆","主键","8772fe98-7c2f-4986-a3df-2b29d6a74649"
"宁海县许家山石文化展示馆","行政区划名称","丽水市"
"宁波市海曙区耕泽石刻博物馆","博物馆地址","宁波市奉化区莼湖镇漂溪村"
"湖州市南浔区徐迟文学馆","联系方式","0574-88766625"
"平湖市博物馆","博物馆性质","非国有博物馆"
"湖州瑞一历史文物博物馆","主键","6dc50019-cdc9-4de4-ad4a-b057545311fb"
"宁海县许家山石文化展示馆","行政区划名称","宁波市"
"宁波市海曙区耕泽石刻博物馆","博物馆地址","长兴县和平镇中央广场168号"
"宁波市海曙区耕泽石刻博物馆","博物馆地址","诸暨市东一路18号"
"湖州市南浔区徐迟文学馆","联系方式","0575-80701790/87251612"
"平湖市博物馆","博物馆性质","国有博物馆"
"湖州瑞一历史文物博物馆","主键","252bf57f-eb9d-4673-b9ec-c63df586f173"
"宁海县许家山石文化展示馆","行政区划名称","绍兴市"
"宁波市海曙区耕泽石刻博物馆","博物馆地址","湖州市南浔区南浔镇辑里村20号"
"湖州市南浔区徐迟文学馆","联系方式","0572-3911358"
"平湖市博物馆","博物馆性质","非国有博物馆"
"湖州瑞一历史文物博物馆","主键","2aa41ac7-03e0-49c1-a50f-3099a927a496"
"宁海县许家山石文化展示馆","行政区划名称","湖州市"
"宁波市海曙区耕泽石刻博物馆","博物馆地址","宁波市海曙区鄞江镇悬慈村鲍家墈293号"
"湖州市南浔区徐迟文学馆","联系方式","0574-87118811"
"平湖市博物馆","博物馆性质","非国有博物馆"
"湖州瑞一历史文物博物馆","主键","07a0c0a0-6130-485f-8f2e-1cb013606a44"
"宁海县许家山石文化展示馆","行政区划名称","宁波市"
"宁波市海曙区耕泽石刻博物馆","博物馆地址","嘉兴市秀洲区中山西路2710号嘉欣丝绸工业园内"
"宁波市海曙区耕泽石刻博物馆","博物馆地址","宁波市鄞州区横溪镇横溪村上街"
"湖州市南浔区徐迟文学馆","联系方式","0574-88065363"
"平湖市博物馆","博物馆性质","非国有博物馆"
"湖州瑞一历史文物博物馆","主键","6b137940-7b74-483b-b336-d729bcc640ab"
"宁海县许家山石文化展示馆","行政区划名称","宁波市"
"宁波市海曙区耕泽石刻博物馆","博物馆地址","慈溪市龙山镇范市工业开发区湖滨北路26号"
"湖州市南浔区徐迟文学馆","联系方式","0574-63711381"
"平湖市博物馆","博物馆性质","非国有博物馆"
"湖州瑞一历史文物博物馆","主键","05a2cceb-f196-4bd1-8860-697db0b01bc9"
"宁海县许家山石文化展示馆","行政区划名称","宁波市"
"宁波市海曙区耕泽石刻博物馆","博物馆地址","缙云县黄龙路140号"
"湖州市南浔区徐迟文学馆","联系方式","0578-3315120"
"平湖市博物馆","博物馆性质","国有博物馆"
"湖州瑞一历史文物博物馆","主键","27dc468e-2639-4aa1-b4c5-59425dd67d9f"
"宁海县许家山石文化展示馆","行政区划名称","丽水市"
"宁波市海曙区耕泽石刻博物馆","博物馆地址","三门县朝晖路71号"
"湖州市南浔区徐迟文学馆","联系方式","0576-83301277"
"平湖市博物馆","博物馆性质","非国有博物馆"
"湖州瑞一历史文物博物馆","主键","248d6585-bbe8-4d95-9831-b556bd5bbbc7"
"宁海县许家山石文化展示馆","行政区划名称","台州市"
"宁波市海曙区耕泽石刻博物馆","博物馆地址","慈溪市浒山街道世纪花园21号"
"湖州市南浔区徐迟文学馆","联系方式","0574-63110233"
"平湖市博物馆","博物馆性质","非国有博物馆"
"湖州瑞一历史文物博物馆","主键","ad522d67-99dd-4fd0-91b5-a625f21eeae4"
"宁海县许家山石文化展示馆","行政区划名称","宁波市"
"宁波市海曙区耕泽石刻博物馆","博物馆地址","嘉善县罗星街道嘉善大道1号"
"湖州市南浔区徐迟文学馆","联系方式","0573-84212190"
"平湖市博物馆","博物馆性质","国有博物馆"
"湖州瑞一历史文物博物馆","主键","5366d248-3bf9-4651-b616-67774126ab48"
"宁海县许家山石文化展示馆","行政区划名称","嘉兴市"
"宁波市海曙区耕泽石刻博物馆","博物馆地址","杭州市萧山区通惠北路35号"
"湖州市南浔区徐迟文学馆","联系方式","0571-82831902"
"平湖市博物馆","博物馆性质","非国有博物馆"
"湖州瑞一历史文物博物馆","主键","d4f6aff5-920b-4ead-8f5e-e651562cfb57"
"宁海县许家山石文化展示馆","行政区划名称","杭州市"
"宁波市海曙区耕泽石刻博物馆","博物馆地址","温州市鹿城区江心屿"
"湖州市南浔区徐迟文学馆","联系方式","0577-88893268"
"平湖市博物馆","博物馆性质","国有博物馆"
"湖州瑞一历史文物博物馆","主键","f2dff588-6d60-4b3b-bbde-5ad2babb86d9"
"宁海县许家山石文化展示馆","行政区划名称","温州市"
"宁波市海曙区耕泽石刻博物馆","博物馆地址","长兴太湖大道与中央大道交叉路口"
"湖州市南浔区徐迟文学馆","联系方式","0572-6050571"
"平湖市博物馆","博物馆性质","国有博物馆"
"湖州瑞一历史文物博物馆","主键","e1674351-d2ef-4ce8-abe3-fb85acc85bd4"
"宁海县许家山石文化展示馆","行政区划名称","湖州市"
"宁波市海曙区耕泽石刻博物馆","博物馆地址","苍南县灵溪镇车站大道563-583号"
"湖州市南浔区徐迟文学馆","联系方式","0577-64771679"
"平湖市博物馆","博物馆性质","国有博物馆"
"湖州瑞一历史文物博物馆","主键","bbdf49a0-2e3a-4290-9efd-c74a62e26160"
"宁海县许家山石文化展示馆","行政区划名称","温州市"
"宁波市海曙区耕泽石刻博物馆","博物馆地址","天童南路2365号五楼509"
"宁波市海曙区耕泽石刻博物馆","博物馆地址","金华市古子城熙春巷39号"
"宁波市海曙区耕泽石刻博物馆","博物馆地址","金华市酒坊巷18号"
"湖州市南浔区徐迟文学馆","联系方式","0579-82303633"
"平湖市博物馆","博物馆性质","国有博物馆"
"湖州瑞一历史文物博物馆","主键","d6a1b973-77fc-4aeb-ab0a-eb9c4e811b6a"
"宁海县许家山石文化展示馆","行政区划名称","金华市"
"宁波市海曙区耕泽石刻博物馆","博物馆地址","1.杭州市西湖区龙井路15号；2.杭州市西湖区龙坞茶镇九街33号楼"
"宁波市海曙区耕泽石刻博物馆","博物馆地址","杭州市庆春路210号"
"湖州市南浔区徐迟文学馆","联系方式","0571-87066658"
"平湖市博物馆","博物馆性质","非国有博物馆"
"湖州瑞一历史文物博物馆","主键","7a8ac7a8-eea4-4851-99e9-c9a2e2a88ddd"
"宁海县许家山石文化展示馆","行政区划名称","杭州市"
"宁波市海曙区耕泽石刻博物馆","博物馆地址","苍南县桥墩镇古树村181号"
"湖州市南浔区徐迟文学馆","联系方式","1.8367841789E10"
"平湖市博物馆","博物馆性质","非国有博物馆"
"湖州瑞一历史文物博物馆","主键","5c2468f8-805e-48d3-ad2b-e4b475e36e72"
"宁海县许家山石文化展示馆","行政区划名称","温州市"
"宁波市海曙区耕泽石刻博物馆","博物馆地址","杭州市萧山区湘湖路978号"
"湖州市南浔区徐迟文学馆","联系方式","0571-83869286"
"平湖市博物馆","博物馆性质","国有博物馆"
"湖州瑞一历史文物博物馆","主键","3e5c728a-f96c-4644-b5ae-6de2198deed5"
"宁海县许家山石文化展示馆","行政区划名称","杭州市"
"宁波市海曙区耕泽石刻博物馆","博物馆地址","宁波市余姚市舜宇路84号"
"湖州市南浔区徐迟文学馆","联系方式","0574-62667788"
"平湖市博物馆","博物馆性质","非国有博物馆"
"湖州瑞一历史文物博物馆","主键","045090a0-562b-40fe-8c78-1cb7593b8424"
"宁海县许家山石文化展示馆","行政区划名称","宁波市"
"宁波市海曙区耕泽石刻博物馆","博物馆地址","下应街道湾底村西江古村民国老街D区"
"湖州市南浔区徐迟文学馆","联系方式","0574-88326839"
"平湖市博物馆","博物馆性质","非国有博物馆"
"湖州瑞一历史文物博物馆","主键","b6b174c8-5e6e-4081-ae8a-e5db10618ced"
"宁海县许家山石文化展示馆","行政区划名称","宁波市"
"宁波市海曙区耕泽石刻博物馆","博物馆地址","温岭市城市新区中心大道688号"
"湖州市南浔区徐迟文学馆","联系方式","0576-86909977"
"平湖市博物馆","博物馆性质","非国有博物馆"
"湖州瑞一历史文物博物馆","主键","19a2b2fd-7999-4486-863d-ca3c1ccde953"
"宁海县许家山石文化展示馆","行政区划名称","台州市"
"宁波市海曙区耕泽石刻博物馆","博物馆地址","舟山市定海区临城海天大道610号海洋文化艺术中心内"
"湖州市南浔区徐迟文学馆","联系方式","0580-8230561"
"平湖市博物馆","博物馆性质","国有博物馆"
"湖州瑞一历史文物博物馆","主键","c1ff7ad2-f7a7-4b0d-b87d-ebed55f27202"
"宁海县许家山石文化展示馆","行政区划名称","舟山市"
"宁波市海曙区耕泽石刻博物馆","博物馆地址","嘉兴市市楫川路香槟街218号号"
"湖州市南浔区徐迟文学馆","联系方式","0573-82060213"
"平湖市博物馆","博物馆性质","非国有博物馆"
"湖州瑞一历史文物博物馆","主键","7bc67b72-4b65-4e88-8c8b-a758ebb9978e"
"宁海县许家山石文化展示馆","行政区划名称","嘉兴市"
"宁波市海曙区耕泽石刻博物馆","博物馆地址","金华市飘萍路98号"
"宁波市海曙区耕泽石刻博物馆","博物馆地址","台州市中心大道398号"
"湖州市南浔区徐迟文学馆","联系方式","0576－88831146"
"平湖市博物馆","博物馆性质","非国有博物馆"
"湖州瑞一历史文物博物馆","主键","3c250631-6dbe-4fda-83ca-cd26008652df"
"宁海县许家山石文化展示馆","行政区划名称","台州市"
"宁波市海曙区耕泽石刻博物馆","博物馆地址","耕文路399号"
"湖州市南浔区徐迟文学馆","联系方式","0571-83899731"
"平湖市博物馆","博物馆性质","国有博物馆"
"湖州瑞一历史文物博物馆","主键","b8445d4a-f19e-4902-b214-28d6343a6840"
"宁海县许家山石文化展示馆","行政区划名称","杭州市"
"宁波市海曙区耕泽石刻博物馆","博物馆地址","浙江省余姚市北滨江路42-48号"
"湖州市南浔区徐迟文学馆","联系方式","0574-62623788"
"平湖市博物馆","博物馆性质","非国有博物馆"
"湖州瑞一历史文物博物馆","主键","f2e42b29-ff2d-4a24-875c-c9fde56448e7"
"宁海县许家山石文化展示馆","行政区划名称","宁波市"
"宁波市海曙区耕泽石刻博物馆","博物馆地址","鄞州区经济开发区合兴路188号"
"湖州市南浔区徐迟文学馆","联系方式","0574-88198001"
"平湖市博物馆","博物馆性质","国有博物馆"
"湖州瑞一历史文物博物馆","主键","4612b2b7-23fe-4dfe-bb35-610d85da3068"
"宁海县许家山石文化展示馆","行政区划名称","宁波市"
"宁波市海曙区耕泽石刻博物馆","博物馆地址","三门县朝晖路8号"
"湖州市南浔区徐迟文学馆","联系方式","0576-83360678"
"平湖市博物馆","博物馆性质","非国有博物馆"
"湖州瑞一历史文物博物馆","主键","5157feeb-50f4-4003-8342-9b39babed0e3"
"宁海县许家山石文化展示馆","行政区划名称","台州市"
"宁波市海曙区耕泽石刻博物馆","博物馆地址","杭州市余杭区仓前街道仓前塘路59号"
"湖州市南浔区徐迟文学馆","联系方式","0571-88611051"
"平湖市博物馆","博物馆性质","国有博物馆"
"湖州瑞一历史文物博物馆","主键","d02d877d-f4cc-40db-a075-84807a155216"
"宁海县许家山石文化展示馆","行政区划名称","杭州市"
"宁波市海曙区耕泽石刻博物馆","博物馆地址","临海市古城街道紫砂岙路34—9号"
"宁波市海曙区耕泽石刻博物馆","博物馆地址","浙江省安吉县阳光工业园二区光竹山路"
"湖州市南浔区徐迟文学馆","联系方式","0572-5333768"
"平湖市博物馆","博物馆性质","非国有博物馆"
"湖州瑞一历史文物博物馆","主键","42c6c3fe-ca9b-4974-95e4-c91ea8df86fd"
"宁海县许家山石文化展示馆","行政区划名称","湖州市"
"宁波市海曙区耕泽石刻博物馆","博物馆地址","温州市瓯海区南白象镇头陀寺4号"
"宁波市海曙区耕泽石刻博物馆","博物馆地址","温州市瓯海区行政管理中心10号楼"
"湖州市南浔区徐迟文学馆","联系方式","0577-88587020"
"平湖市博物馆","博物馆性质","国有博物馆"
"湖州瑞一历史文物博物馆","主键","202f1ec7-66bc-43f8-8b26-3641bac2c2c7"
"宁海县许家山石文化展示馆","行政区划名称","温州市"
"宁波市海曙区耕泽石刻博物馆","博物馆地址","湖州市乌盆巷1弄3号"
"湖州市南浔区徐迟文学馆","联系方式","0572-2096555"
"平湖市博物馆","博物馆性质","非国有博物馆"
"湖州瑞一历史文物博物馆","主键","1096a109-4525-41ed-987e-536f5547d5bb"
"宁海县许家山石文化展示馆","行政区划名称","湖州市"
"宁波市海曙区耕泽石刻博物馆","博物馆地址","温岭市滨海镇新北村"
"湖州市南浔区徐迟文学馆","联系方式","0576 86525689"
"平湖市博物馆","博物馆性质","非国有博物馆"
"湖州瑞一历史文物博物馆","主键","0c7eaa9b-160d-4806-9a87-aceae1c85505"
"宁海县许家山石文化展示馆","行政区划名称","台州市"
"宁波市海曙区耕泽石刻博物馆","博物馆地址","温州市泰顺县罗阳镇文祥一路科技文化中心"
"湖州市南浔区徐迟文学馆","联系方式","0577-59295880"
"平湖市博物馆","博物馆性质","国有博物馆"
"湖州瑞一历史文物博物馆","主键","7dc3531a-842e-4c72-9d39-7323deb74bc3"
"宁海县许家山石文化展示馆","行政区划名称","温州市"
"宁波市海曙区耕泽石刻博物馆","博物馆地址","永嘉县桥下镇韩埠村韩埠路36弄15号"
"湖州市南浔区徐迟文学馆","联系方式","0577-67478889"
"平湖市博物馆","博物馆性质","非国有博物馆"
"湖州瑞一历史文物博物馆","主键","db7a15ac-1de1-4403-bcde-ba762f62db81"
"宁海县许家山石文化展示馆","行政区划名称","温州市"
"宁波市海曙区耕泽石刻博物馆","博物馆地址","义乌市城中北路126号"
"湖州市南浔区徐迟文学馆","联系方式","0579-85540405"
"平湖市博物馆","博物馆性质","国有博物馆"
"湖州瑞一历史文物博物馆","主键","f0f7ba8c-ed74-403b-832f-492b27432c82"
"宁海县许家山石文化展示馆","行政区划名称","金华市"
"宁波市海曙区耕泽石刻博物馆","博物馆地址","苍南县桥墩镇莒溪社区桥南村"
"湖州市南浔区徐迟文学馆","联系方式","1.3858723033E10"
"平湖市博物馆","博物馆性质","非国有博物馆"
"湖州瑞一历史文物博物馆","主键","b7e8600a-c3ae-4f9e-aeb5-994508ceab9c"
"宁海县许家山石文化展示馆","行政区划名称","温州市"
"宁波市海曙区耕泽石刻博物馆","博物馆地址","舟山市定海区马岙街道白马街199号"
"湖州市南浔区徐迟文学馆","联系方式","0580-8080154"
"平湖市博物馆","博物馆性质","国有博物馆"
"湖州瑞一历史文物博物馆","主键","ad93ea1d-bc0c-44ca-8e08-b9bba3a3c7c3"
"宁海县许家山石文化展示馆","行政区划名称","舟山市"
"宁波市海曙区耕泽石刻博物馆","博物馆地址","杭州市龙井路88号"
"湖州市南浔区徐迟文学馆","联系方式","0571-87964221"
"平湖市博物馆","博物馆性质","国有博物馆"
"湖州瑞一历史文物博物馆","主键","6c86675e-7b1d-41f7-b93b-644710813b2a"
"宁海县许家山石文化展示馆","行政区划名称","杭州市"
"宁波市海曙区耕泽石刻博物馆","博物馆地址","浙江省绍兴市兰亭景区内"
"湖州市南浔区徐迟文学馆","联系方式","0575—84600896"
"平湖市博物馆","博物馆性质","国有博物馆"
"湖州瑞一历史文物博物馆","主键","dcf8c8fb-15b4-49b5-b298-b4296bb36c8d"
"宁海县许家山石文化展示馆","行政区划名称","绍兴市"
"宁波市海曙区耕泽石刻博物馆","博物馆地址","瑞安市公园路84号"
"湖州市南浔区徐迟文学馆","联系方式","0577-65879195"
"平湖市博物馆","博物馆性质","非国有博物馆"
"湖州瑞一历史文物博物馆","主键","e14f6910-b123-46bd-a1f0-44b7b0d1f904"
"宁海县许家山石文化展示馆","行政区划名称","温州市"
"宁波市海曙区耕泽石刻博物馆","博物馆地址","宁海县胡陈乡东张村"
"宁波市海曙区耕泽石刻博物馆","博物馆地址","临海市紫阳街82号"
"宁波市海曙区耕泽石刻博物馆","博物馆地址","台州市椒江区青年路518号"
"湖州市南浔区徐迟文学馆","联系方式","0576-88882783  0580-88895379"
"平湖市博物馆","博物馆性质","国有博物馆"
"湖州瑞一历史文物博物馆","主键","e4bcfaf9-6c2d-4f0d-bf73-177d841773f4"
"宁海县许家山石文化展示馆","行政区划名称","台州市"
"宁波市海曙区耕泽石刻博物馆","博物馆地址","杭州市西湖区玉泉桃源岭3号"
"湖州市南浔区徐迟文学馆","联系方式","0571-87972023"
"平湖市博物馆","博物馆性质","国有博物馆"
"湖州瑞一历史文物博物馆","主键","d6a33f03-1c75-432c-8645-94d9919af98f"
"宁海县许家山石文化展示馆","行政区划名称","杭州市"
"宁波市海曙区耕泽石刻博物馆","博物馆地址","嘉善县花园路177号"
"湖州市南浔区徐迟文学馆","联系方式","0573-84024665"
"平湖市博物馆","博物馆性质","国有博物馆"
"湖州瑞一历史文物博物馆","主键","969d35ea-37a8-47aa-9d71-26626377550e"
"宁海县许家山石文化展示馆","行政区划名称","嘉兴市"
"宁波市海曙区耕泽石刻博物馆","博物馆地址","永康市武义巷50号"
"宁波市海曙区耕泽石刻博物馆","博物馆地址","温州市洞头区灵昆街道双昆村龙昌路"
"湖州市南浔区徐迟文学馆","联系方式","0577-86989709"
"平湖市博物馆","博物馆性质","非国有博物馆"
"湖州瑞一历史文物博物馆","主键","173cb0d6-5b44-47c5-998b-2073f08eea93"
"宁海县许家山石文化展示馆","行政区划名称","温州市"
"宁波市海曙区耕泽石刻博物馆","博物馆地址","宁波市镇海区思源路225号"
"湖州市南浔区徐迟文学馆","联系方式","0574-56800600"
"平湖市博物馆","博物馆性质","国有博物馆"
"湖州瑞一历史文物博物馆","主键","9db95ba9-495b-4d10-9403-dbf49295015c"
"宁海县许家山石文化展示馆","行政区划名称","宁波市"
"宁波市海曙区耕泽石刻博物馆","博物馆地址","宁波市解放南路20弄17号"
"湖州市南浔区徐迟文学馆","联系方式","0574-87302320"
"平湖市博物馆","博物馆性质","国有博物馆"
"湖州瑞一历史文物博物馆","主键","81f67d2c-7760-4a54-9208-e18e49046886"
"宁海县许家山石文化展示馆","行政区划名称","宁波市"
"宁波市海曙区耕泽石刻博物馆","博物馆地址","慈溪市寺山路338号"
"湖州市南浔区徐迟文学馆","联系方式","0574-63106729"
"平湖市博物馆","博物馆性质","国有博物馆"
"湖州瑞一历史文物博物馆","主键","8e68162a-00ea-4092-8fc9-8efcb8c3db71"
"宁海县许家山石文化展示馆","行政区划名称","宁波市"
"宁波市海曙区耕泽石刻博物馆","博物馆地址","舟山市普朱管委会朱家尖海韵山庄"
"宁波市海曙区耕泽石刻博物馆","博物馆地址","瑞安市马屿镇净水村"
"湖州市南浔区徐迟文学馆","联系方式","6.5776238E7"
"平湖市博物馆","博物馆性质","非国有博物馆"
"湖州瑞一历史文物博物馆","主键","00f53ade-2848-43b3-9d92-a8e82e4ce0d4"
"宁海县许家山石文化展示馆","行政区划名称","温州市"
"宁波市海曙区耕泽石刻博物馆","博物馆地址","杭州市上城区河坊街207-221号"
"湖州市南浔区徐迟文学馆","联系方式","0571-87918221"
"平湖市博物馆","博物馆性质","非国有博物馆"
"湖州瑞一历史文物博物馆","主键","925cb2f8-b4b0-4e9e-a6b0-59bf17552dce"
"宁海县许家山石文化展示馆","行政区划名称","杭州市"
"宁波市海曙区耕泽石刻博物馆","博物馆地址","瑞安市经济开发区三路588号"
"湖州市南浔区徐迟文学馆","联系方式","0577-66878501"
"平湖市博物馆","博物馆性质","非国有博物馆"
"湖州瑞一历史文物博物馆","主键","adba03ca-26e4-4ab4-9a06-6a6b6f700a52"
"宁海县许家山石文化展示馆","行政区划名称","温州市"
"宁波市海曙区耕泽石刻博物馆","博物馆地址","临海市古城街道      望天台路24号"
"湖州市南浔区徐迟文学馆","联系方式","0576-85157507/ 13566862145"
"平湖市博物馆","博物馆性质","国有博物馆"
"湖州瑞一历史文物博物馆","主键","92ed8e17-c21f-4d9f-b353-1bdff4ef1571"
"宁海县许家山石文化展示馆","行政区划名称","台州市"
"宁波市海曙区耕泽石刻博物馆","博物馆地址","舟山市普陀区展茅街道干施中横路1号"
"湖州市南浔区徐迟文学馆","联系方式","0580-6023101"
"平湖市博物馆","博物馆性质","非国有博物馆"
"湖州瑞一历史文物博物馆","主键","91a038cf-62b4-4f3b-9988-0d77c4828093"
"宁海县许家山石文化展示馆","行政区划名称","舟山市"
"宁波市海曙区耕泽石刻博物馆","博物馆地址","宁波市海曙区章水镇通远路1022号"
"湖州市南浔区徐迟文学馆","联系方式","0574—88476427"
"平湖市博物馆","博物馆性质","国有博物馆"
"湖州瑞一历史文物博物馆","主键","b789a32d-d4a2-4297-a7b4-47587ab4cc9b"
"宁海县许家山石文化展示馆","行政区划名称","宁波市"
"宁波市海曙区耕泽石刻博物馆","博物馆地址","米市巷12-4-302.303拱北永和坊7幢1楼"
"湖州市南浔区徐迟文学馆","联系方式","0571-88380695，85353052"
"平湖市博物馆","博物馆性质","非国有博物馆"
"湖州瑞一历史文物博物馆","主键","c5ed51c4-00f1-411d-be33-a8b6b3c14f82"
"宁海县许家山石文化展示馆","行政区划名称","杭州市"
"宁波市海曙区耕泽石刻博物馆","博物馆地址","长兴县雉城街道太平洋商贸城15幢25号"
"宁波市海曙区耕泽石刻博物馆","博物馆地址","台州市黄岩区宁溪镇乌岩头村"
"湖州市南浔区徐迟文学馆","联系方式","0576-84803377"
"平湖市博物馆","博物馆性质","非国有博物馆"
"湖州瑞一历史文物博物馆","主键","b9637986-1881-46e5-a295-61a20f985f2c"
"宁海县许家山石文化展示馆","行政区划名称","台州市"
"宁波市海曙区耕泽石刻博物馆","博物馆地址","湖州市德清县莫干山镇黄郛西路48号"
"湖州市南浔区徐迟文学馆","联系方式","0572-8052700"
"平湖市博物馆","博物馆性质","非国有博物馆"
"湖州瑞一历史文物博物馆","主键","2414362d-eafd-4464-8e52-65178ce1d6d1"
"宁海县许家山石文化展示馆","行政区划名称","湖州市"
"宁波市海曙区耕泽石刻博物馆","博物馆地址","浙江省武义县武川中路20号"
"湖州市南浔区徐迟文学馆","联系方式","0579-87631595"
"平湖市博物馆","博物馆性质","国有博物馆"
"湖州瑞一历史文物博物馆","主键","c07c25a3-5511-4281-bffe-873209738821"
"宁海县许家山石文化展示馆","行政区划名称","金华市"
"宁波市海曙区耕泽石刻博物馆","博物馆地址","天台县赤城街道国清路102号"
"宁波市海曙区耕泽石刻博物馆","博物馆地址","临海市古城街道天宁路29号"
"宁波市海曙区耕泽石刻博物馆","博物馆地址","湖州太湖旅游度假区梅西地块"
"湖州市南浔区徐迟文学馆","联系方式","0572-2532777"
"平湖市博物馆","博物馆性质","非国有博物馆"
"湖州瑞一历史文物博物馆","主键","da0522cd-3c50-4160-9ca3-92238b446ba8"
"宁海县许家山石文化展示馆","行政区划名称","湖州市"
"宁波市海曙区耕泽石刻博物馆","博物馆地址","舟山市定海人民北路89号"
"湖州市南浔区徐迟文学馆","联系方式","0580-2327630"
"平湖市博物馆","博物馆性质","非国有博物馆"
"湖州瑞一历史文物博物馆","主键","aeb1f1dc-eb5e-4554-977f-44bb6e9fa4d6"
"宁海县许家山石文化展示馆","行政区划名称","舟山市"
"宁波市海曙区耕泽石刻博物馆","博物馆地址","景宁县鹤溪北路           廊桥旁四合院"
"湖州市南浔区徐迟文学馆","联系方式","0578-5825333"
"平湖市博物馆","博物馆性质","非国有博物馆"
"湖州瑞一历史文物博物馆","主键","2c335487-8a70-49ae-ab70-04393b5317b0"
"宁海县许家山石文化展示馆","行政区划名称","丽水市"
"宁波市海曙区耕泽石刻博物馆","博物馆地址","杭州市江干区西子国际A座31楼"
"宁波市海曙区耕泽石刻博物馆","博物馆地址","嘉兴市环城南路穆家洋房"
"湖州市南浔区徐迟文学馆","联系方式","0573-82092999"
"平湖市博物馆","博物馆性质","国有博物馆"
"湖州瑞一历史文物博物馆","主键","cb6c575e-7713-4db5-afa0-91f8eab733c0"
"宁海县许家山石文化展示馆","行政区划名称","嘉兴市"
"宁波市海曙区耕泽石刻博物馆","博物馆地址","遂昌县水阁路428号"
"湖州市南浔区徐迟文学馆","联系方式","0578-8152227"
"平湖市博物馆","博物馆性质","非国有博物馆"
"湖州瑞一历史文物博物馆","主键","d09c7479-9039-4388-a989-d089c4ff89dd"
"宁海县许家山石文化展示馆","行政区划名称","丽水市"
"宁波市海曙区耕泽石刻博物馆","博物馆地址","舟山市定海区总府路132号"
"湖州市南浔区徐迟文学馆","联系方式","0580—2054411"
"平湖市博物馆","博物馆性质","国有博物馆"
"湖州瑞一历史文物博物馆","主键","af037bbe-2d17-4a0b-a68e-c0c6f5f707ce"
"宁海县许家山石文化展示馆","行政区划名称","舟山市"
"宁波市海曙区耕泽石刻博物馆","博物馆地址","海宁市西山路1000号"
"湖州市南浔区徐迟文学馆","联系方式","0573-87388887"
"平湖市博物馆","博物馆性质","非国有博物馆"
"湖州瑞一历史文物博物馆","主键","15e23ae4-b35a-475d-ba7e-c0fc0ac02a04"
"宁海县许家山石文化展示馆","行政区划名称","嘉兴市"
"宁波市海曙区耕泽石刻博物馆","博物馆地址","浙江省武义县武川中路20号"
"湖州市南浔区徐迟文学馆","联系方式","0579-87631596"
"平湖市博物馆","博物馆性质","国有博物馆"
"湖州瑞一历史文物博物馆","主键","0411e032-da73-46bb-ab20-77617da92d47"
"宁海县许家山石文化展示馆","行政区划名称","金华市"
"宁波市海曙区耕泽石刻博物馆","博物馆地址","青瓷文化创意基地17号地块"
"湖州市南浔区徐迟文学馆","联系方式","0578-7116080"
"平湖市博物馆","博物馆性质","非国有博物馆"
"湖州瑞一历史文物博物馆","主键","3f296a57-247b-4c50-a6e1-b3c794296c96"
"宁海县许家山石文化展示馆","行政区划名称","丽水市"
"宁波市海曙区耕泽石刻博物馆","博物馆地址","绍兴市越城区鉴湖镇坡塘"
"宁波市海曙区耕泽石刻博物馆","博物馆地址","湖州市南浔区和孚镇民当村中心广场"
"宁波市海曙区耕泽石刻博物馆","博物馆地址","温岭市大溪镇桥里村中心路899号"
"湖州市南浔区徐迟文学馆","联系方式","0576-89971266"
"平湖市博物馆","博物馆性质","非国有博物馆"
"湖州瑞一历史文物博物馆","主键","d2ee75c0-7b57-4eed-8063-80661159c534"
"宁海县许家山石文化展示馆","行政区划名称","台州市"
"宁波市海曙区耕泽石刻博物馆","博物馆地址","杭州市下城区朝晖街道西湖文化广场6号"
"湖州市南浔区徐迟文学馆","联系方式","0571-88050941"
"平湖市博物馆","博物馆性质","国有博物馆"
"湖州瑞一历史文物博物馆","主键","656e75a7-414e-4eaa-82de-edd378daf61b"
"宁海县许家山石文化展示馆","行政区划名称","杭州市"
"宁波市海曙区耕泽石刻博物馆","博物馆地址","舟山市定海区环城南路453号"
"湖州市南浔区徐迟文学馆","联系方式","0580-2116581"
"平湖市博物馆","博物馆性质","非国有博物馆"
"湖州瑞一历史文物博物馆","主键","d78dd51d-99fd-4c90-9d94-75d11820e8b8"
"宁海县许家山石文化展示馆","行政区划名称","舟山市"
"宁波市海曙区耕泽石刻博物馆","博物馆地址","杭州市江干区九堡镇牛田村（杭海路1191号"
"湖州市南浔区徐迟文学馆","联系方式","0571-86580942"
"平湖市博物馆","博物馆性质","非国有博物馆"
"湖州瑞一历史文物博物馆","主键","bd2e27e9-22c4-4f5f-bb72-dd3b264934f1"
"宁海县许家山石文化展示馆","行政区划名称","杭州市"
"宁波市海曙区耕泽石刻博物馆","博物馆地址","台州市市府大道西段2号"
"湖州市南浔区徐迟文学馆","联系方式","0576-89816668"
"平湖市博物馆","博物馆性质","非国有博物馆"
"湖州瑞一历史文物博物馆","主键","24e6a1d6-7c12-41d6-bc83-6108efb62a9a"
"宁海县许家山石文化展示馆","行政区划名称","台州市"
"宁波市海曙区耕泽石刻博物馆","博物馆地址","杭州市之江路6号"
"湖州市南浔区徐迟文学馆","联系方式","0571-56720295"
"平湖市博物馆","博物馆性质","国有博物馆"
"湖州瑞一历史文物博物馆","主键","068f277b-3536-42b7-9140-10ff02f2fef8"
"宁海县许家山石文化展示馆","行政区划名称","杭州市"
"宁波市海曙区耕泽石刻博物馆","博物馆地址","宁波市鄞州区鄞县大道东吴段58号"
"湖州市南浔区徐迟文学馆","联系方式","0574-88334626"
"平湖市博物馆","博物馆性质","非国有博物馆"
"湖州瑞一历史文物博物馆","主键","039af5a9-dcfc-48d8-b75b-dd28de1022e5"
"宁海县许家山石文化展示馆","行政区划名称","宁波市"
"宁波市海曙区耕泽石刻博物馆","博物馆地址","杭州市西湖区教工路149号"
"湖州市南浔区徐迟文学馆","联系方式","0571-81023538"
"平湖市博物馆","博物馆性质","国有博物馆"
"湖州瑞一历史文物博物馆","主键","d4d4ba99-42df-479e-90d9-81d5c0e2b6f0"
"宁海县许家山石文化展示馆","行政区划名称","杭州市"
"宁波市海曙区耕泽石刻博物馆","博物馆地址","天台县始丰街道云锦西路199号"
"湖州市南浔区徐迟文学馆","联系方式","0576 83803999"
"平湖市博物馆","博物馆性质","非国有博物馆"
"湖州瑞一历史文物博物馆","主键","7cfd981d-ba74-40f3-b96a-10cd4a8b35ab"
"宁海县许家山石文化展示馆","行政区划名称","台州市"
"宁波市海曙区耕泽石刻博物馆","博物馆地址","云和县城西路60-8号"
"宁波市海曙区耕泽石刻博物馆","博物馆地址","杭州市玉皇山路73-1号"
"湖州市南浔区徐迟文学馆","联系方式","0571-87035150"
"平湖市博物馆","博物馆性质","国有博物馆"
"湖州瑞一历史文物博物馆","主键","1862e823-4458-4837-8ed7-b70b8a33f791"
"宁海县许家山石文化展示馆","行政区划名称","杭州市"
"宁波市海曙区耕泽石刻博物馆","博物馆地址","三门县健跳镇三核村（大冲）"
"湖州市南浔区徐迟文学馆","联系方式","0576-83379360"
"平湖市博物馆","博物馆性质","非国有博物馆"
"湖州瑞一历史文物博物馆","主键","c62f1b0d-8a91-4223-8c49-be230227cbd6"
"宁海县许家山石文化展示馆","行政区划名称","台州市"
"宁波市海曙区耕泽石刻博物馆","博物馆地址","杭州市萧山区瓜沥（坎山）纵五路8号"
"宁波市海曙区耕泽石刻博物馆","博物馆地址","转塘352号中国美术学院院内"
"湖州市南浔区徐迟文学馆","联系方式","0571-87200156"
"平湖市博物馆","博物馆性质","国有博物馆"
"湖州瑞一历史文物博物馆","主键","9e91c034-8a32-4aca-a985-f44c6fccd1be"
"宁海县许家山石文化展示馆","行政区划名称","杭州市"
"宁波市海曙区耕泽石刻博物馆","博物馆地址","吴兴区妙西镇龙山村村委会对面"
"宁波市海曙区耕泽石刻博物馆","博物馆地址","宁海县桃源街道冠庄村"
"湖州市南浔区徐迟文学馆","联系方式","0574-65571244"
"平湖市博物馆","博物馆性质","国有博物馆"
"湖州瑞一历史文物博物馆","主键","1ddc4833-a65a-4432-b6fc-abbe4fb8ed50"
"宁海县许家山石文化展示馆","行政区划名称","宁波市"
"宁波市海曙区耕泽石刻博物馆","博物馆地址","三门县玉城路8号"
"湖州市南浔区徐迟文学馆","联系方式","0576-83363974"
"平湖市博物馆","博物馆性质","国有博物馆"
"湖州瑞一历史文物博物馆","主键","943db763-94b2-4dc6-8f63-bfa5b691dea9"
"宁海县许家山石文化展示馆","行政区划名称","台州市"
"宁波市海曙区耕泽石刻博物馆","博物馆地址","宁波市北仑区春晓街道港博路6号"
"湖州市南浔区徐迟文学馆","联系方式","0574-26915555"
"平湖市博物馆","博物馆性质","国有博物馆"
"湖州瑞一历史文物博物馆","主键","77524947-fa5a-4492-b74c-97348222bd52"
"宁海县许家山石文化展示馆","行政区划名称","宁波市"
"宁波市海曙区耕泽石刻博物馆","博物馆地址","庆元县石龙街1-1号"
"湖州市南浔区徐迟文学馆","联系方式","0578-6050803"
"平湖市博物馆","博物馆性质","国有博物馆"
"湖州瑞一历史文物博物馆","主键","fb14af8c-7825-4244-8d73-45b2a08cc422"
"宁海县许家山石文化展示馆","行政区划名称","丽水市"
"宁波市海曙区耕泽石刻博物馆","博物馆地址","临海市古城街道灵江长塘岸村1-1号"
"湖州市南浔区徐迟文学馆","联系方式","0576-85152736"
"平湖市博物馆","博物馆性质","非国有博物馆"
"湖州瑞一历史文物博物馆","主键","f62573bc-62f8-4119-9980-27cd14cc9b42"
"宁海县许家山石文化展示馆","行政区划名称","台州市"
"宁波市海曙区耕泽石刻博物馆","博物馆地址","浙江省杭州市余杭区临平南大街95号"
"湖州市南浔区徐迟文学馆","联系方式","0571-89167220"
"平湖市博物馆","博物馆性质","国有博物馆"
"湖州瑞一历史文物博物馆","主键","a587a0fd-ab54-424c-b273-56535c5d9d49"
"宁海县许家山石文化展示馆","行政区划名称","杭州市"
"宁波市海曙区耕泽石刻博物馆","博物馆地址","宁波市沧海路2938号"
"湖州市南浔区徐迟文学馆","联系方式","0574-63060810"
"平湖市博物馆","博物馆性质","非国有博物馆"
"湖州瑞一历史文物博物馆","主键","9b891937-f380-4fcc-a259-cc97bb25936e"
"宁海县许家山石文化展示馆","行政区划名称","宁波市"
"宁波市海曙区耕泽石刻博物馆","博物馆地址","临海市江南长城望江门平海楼"
"宁波市海曙区耕泽石刻博物馆","博物馆地址","浙江省桐乡市庆丰南路59号 "
"湖州市南浔区徐迟文学馆","联系方式","0573-88103627"
"平湖市博物馆","博物馆性质","国有博物馆"
"湖州瑞一历史文物博物馆","主键","353416f8-037c-4b72-9ccb-1c05542cc1cd"
"宁海县许家山石文化展示馆","行政区划名称","嘉兴市"
"宁波市海曙区耕泽石刻博物馆","博物馆地址","临海市东方大道288号"
"湖州市南浔区徐迟文学馆","联系方式","0576-89366066"
"平湖市博物馆","博物馆性质","国有博物馆"
"湖州瑞一历史文物博物馆","主键","e0031b03-ea25-4275-8ac8-ac118a55b282"
"宁海县许家山石文化展示馆","行政区划名称","台州市"
"宁波市海曙区耕泽石刻博物馆","博物馆地址","温州市瓯江望江公园"
"湖州市南浔区徐迟文学馆","联系方式","0577-86580708"
"平湖市博物馆","博物馆性质","国有博物馆"
"湖州瑞一历史文物博物馆","主键","d3dd7f93-c81d-4bcf-8468-090a8f78ff01"
"宁海县许家山石文化展示馆","行政区划名称","温州市"
"宁波市海曙区耕泽石刻博物馆","博物馆地址","浙江省湖州市长兴县槐坎乡新槐村葆青山麓"
"湖州市南浔区徐迟文学馆","联系方式","0572-6078189"
"平湖市博物馆","博物馆性质","国有博物馆"
"湖州瑞一历史文物博物馆","主键","a5e25d1a-c1b4-44b8-9c4b-13fae0380460"
"宁海县许家山石文化展示馆","行政区划名称","湖州市"
"宁波市海曙区耕泽石刻博物馆","博物馆地址","杭州市上城区南复路60号"
"湖州市南浔区徐迟文学馆","联系方式","0571-86083990"
"平湖市博物馆","博物馆性质","国有博物馆"
"湖州瑞一历史文物博物馆","主键","ca25ab0e-eeab-467c-932b-25cf7362c4b4"
"宁海县许家山石文化展示馆","行政区划名称","杭州市"
"宁波市海曙区耕泽石刻博物馆","博物馆地址","杭州市滨江区滨文路548号"
"湖州市南浔区徐迟文学馆","联系方式","0571-86613638"
"平湖市博物馆","博物馆性质","国有博物馆"
"湖州瑞一历史文物博物馆","主键","81d7ff7e-aeaa-4961-a9e4-fead8d48c215"
"宁海县许家山石文化展示馆","行政区划名称","杭州市"
"宁波市海曙区耕泽石刻博物馆","博物馆地址","浙江省武义县武川中路20号"
"湖州市南浔区徐迟文学馆","联系方式","0579-87631595"
"平湖市博物馆","博物馆性质","国有博物馆"
"湖州瑞一历史文物博物馆","主键","039dffa4-d361-45dd-bd99-bfdd3352f143"
"宁海县许家山石文化展示馆","行政区划名称","金华市"
"宁波市海曙区耕泽石刻博物馆","博物馆地址","象山县丹东街道湖滨路101号"
"湖州市南浔区徐迟文学馆","联系方式","0574-65724776"
"平湖市博物馆","博物馆性质","非国有博物馆"
"湖州瑞一历史文物博物馆","主键","1d2e0ac7-ed51-4bfe-8ff0-a1e7212752cb"
"宁海县许家山石文化展示馆","行政区划名称","宁波市"
"宁波市海曙区耕泽石刻博物馆","博物馆地址","兰溪市兰江街道       横山路11号"
"湖州市南浔区徐迟文学馆","联系方式","0579-88886129"
"平湖市博物馆","博物馆性质","国有博物馆"
"湖州瑞一历史文物博物馆","主键","9bb59992-88b2-4dc3-bd7f-95aa9746d509"
"宁海县许家山石文化展示馆","行政区划名称","金华市"
"宁波市海曙区耕泽石刻博物馆","博物馆地址","慈溪市新浦镇老街路389号"
"湖州市南浔区徐迟文学馆","联系方式","0574-63008008"
"平湖市博物馆","博物馆性质","非国有博物馆"
"湖州瑞一历史文物博物馆","主键","0657e15f-764a-4c6f-8857-c9b3bea036be"
"宁海县许家山石文化展示馆","行政区划名称","宁波市"
"宁波市海曙区耕泽石刻博物馆","博物馆地址","庆元县咏归路6号"
"湖州市南浔区徐迟文学馆","联系方式","0578-6380912"
"平湖市博物馆","博物馆性质","国有博物馆"
"湖州瑞一历史文物博物馆","主键","5d5a9fb2-4dd8-4efa-8643-28ff3826e7cb"
"宁海县许家山石文化展示馆","行政区划名称","丽水市"
"宁波市海曙区耕泽石刻博物馆","博物馆地址","武义县柳城畲族镇龙山公园"
"湖州市南浔区徐迟文学馆","联系方式","0579-87881508"
"平湖市博物馆","博物馆性质","国有博物馆"
"湖州瑞一历史文物博物馆","主键","4f0b3a9b-1970-4a86-bb71-c502a4bfed78"
"宁海县许家山石文化展示馆","行政区划名称","金华市"
"宁波市海曙区耕泽石刻博物馆","博物馆地址","杭州市萧山区北干山南路651号"
"湖州市南浔区徐迟文学馆","联系方式","0571-83869211"
"平湖市博物馆","博物馆性质","国有博物馆"
"湖州瑞一历史文物博物馆","主键","11c64058-5b67-405f-8d87-6adc72ecc9cc"
"宁海县许家山石文化展示馆","行政区划名称","杭州市"
"宁波市海曙区耕泽石刻博物馆","博物馆地址","嘉兴市海盐县文昌东路10号"
"湖州市南浔区徐迟文学馆","联系方式","0573-86037085"
"平湖市博物馆","博物馆性质","国有博物馆"
"湖州瑞一历史文物博物馆","主键","72f9edb6-6f80-42e1-8575-93012b2ebc88"
"宁海县许家山石文化展示馆","行政区划名称","嘉兴市"
"宁波市海曙区耕泽石刻博物馆","博物馆地址","宁波市宁海县强蛟镇振兴东路83号"
"湖州市南浔区徐迟文学馆","联系方式","0574-65168859"
"平湖市博物馆","博物馆性质","非国有博物馆"
"湖州瑞一历史文物博物馆","主键","63e3c65e-4084-4005-a0ad-d1e0ff422d8f"
"宁海县许家山石文化展示馆","行政区划名称","宁波市"
"宁波市海曙区耕泽石刻博物馆","博物馆地址","宁波鄞州区日丽中路666号"
"湖州市南浔区徐迟文学馆","联系方式","0574-82815008"
"平湖市博物馆","博物馆性质","非国有博物馆"
"湖州瑞一历史文物博物馆","主键","1411d28c-d8a7-4795-8e50-b4480ce0cac0"
"宁海县许家山石文化展示馆","行政区划名称","宁波市"
"宁波市海曙区耕泽石刻博物馆","博物馆地址"," 江山市鹿溪北路297号 "
"湖州市南浔区徐迟文学馆","联系方式","0570-4188133"
"平湖市博物馆","博物馆性质","国有博物馆"
"湖州瑞一历史文物博物馆","主键","74af2da4-bd9f-4fa7-8a33-bd3bed8668a7"
"宁海县许家山石文化展示馆","行政区划名称","衢州市"
"宁波市海曙区耕泽石刻博物馆","博物馆地址","舟山市岱山县高亭镇银舟公寓14号楼"
"宁波市海曙区耕泽石刻博物馆","博物馆地址","宁海县徐霞客大道1号"
"湖州市南浔区徐迟文学馆","联系方式","0574-65566519"
"平湖市博物馆","博物馆性质","非国有博物馆"
"湖州瑞一历史文物博物馆","主键","23665700-2267-4b48-b3a4-388aa938fba4"
"宁海县许家山石文化展示馆","行政区划名称","宁波市"
"宁波市海曙区耕泽石刻博物馆","博物馆地址","浙江省杭州市萧山区湘湖旅游度假区眉山路湘湖陶瓷艺术岛"
"宁波市海曙区耕泽石刻博物馆","博物馆地址","海盐县武原街道新桥北路122号"
"湖州市南浔区徐迟文学馆","联系方式","0573-86572712"
"平湖市博物馆","博物馆性质","国有博物馆"
"湖州瑞一历史文物博物馆","主键","42c0fec8-517e-4a2f-9a12-2a6d51df8475"
"宁海县许家山石文化展示馆","行政区划名称","嘉兴市"
"宁波市海曙区耕泽石刻博物馆","博物馆地址","金华市东市北街66号"
"湖州市南浔区徐迟文学馆","联系方式","0579-89008088"
"平湖市博物馆","博物馆性质","国有博物馆"
"湖州瑞一历史文物博物馆","主键","d9c15731-59ef-4148-a2c6-3cf244effbee"
"宁海县许家山石文化展示馆","行政区划名称","金华市"
"宁波市海曙区耕泽石刻博物馆","博物馆地址","宁波市首南中路1000号"
"湖州市南浔区徐迟文学馆","联系方式","0574-82815588"
"平湖市博物馆","博物馆性质","国有博物馆"
"湖州瑞一历史文物博物馆","主键","a785640e-c88b-4aaa-bb70-4e9822bade9c"
"宁海县许家山石文化展示馆","行政区划名称","宁波市"
"宁波市海曙区耕泽石刻博物馆","博物馆地址","湖州市德清县舞阳街道舞阳街939-969号"
"湖州市南浔区徐迟文学馆","联系方式","0572-8667967"
"平湖市博物馆","博物馆性质","非国有博物馆"
"湖州瑞一历史文物博物馆","主键","286a654e-e58f-498a-b0bb-5b58dd33e257"
"宁海县许家山石文化展示馆","行政区划名称","湖州市"
"宁波市海曙区耕泽石刻博物馆","博物馆地址","宁波市天一街10号"
"湖州市南浔区徐迟文学馆","联系方式","0574—87293856"
"平湖市博物馆","博物馆性质","国有博物馆"
"湖州瑞一历史文物博物馆","主键","7c19b728-80f3-4a37-84d0-1969dc846e5a"
"宁海县许家山石文化展示馆","行政区划名称","宁波市"
"宁波市海曙区耕泽石刻博物馆","博物馆地址","三门县亭旁镇亭山路55号"
"湖州市南浔区徐迟文学馆","联系方式","0576-83550780"
"平湖市博物馆","博物馆性质","国有博物馆"
"湖州瑞一历史文物博物馆","主键","90060bf1-5345-454f-b3d8-11e17947e186"
"宁海县许家山石文化展示馆","行政区划名称","台州市"
"宁波市海曙区耕泽石刻博物馆","博物馆地址","诸暨市东白湖镇斯宅村"
"湖州市南浔区徐迟文学馆","联系方式","0575-87963998"
"平湖市博物馆","博物馆性质","非国有博物馆"
"湖州瑞一历史文物博物馆","主键","384a17e1-ebed-4f53-b124-3c28e9cdc313"
"宁海县许家山石文化展示馆","行政区划名称","绍兴市"
"宁波市海曙区耕泽石刻博物馆","博物馆地址","平湖市当湖街道叔同路29号"
"湖州市南浔区徐迟文学馆","联系方式","0573-85012926"
"平湖市博物馆","博物馆性质","国有博物馆"
"湖州瑞一历史文物博物馆","主键","40f403ee-4e4c-4b8e-bf0d-c1f77bd06e47"
"宁海县许家山石文化展示馆","行政区划名称","嘉兴市"
"宁波市海曙区耕泽石刻博物馆","博物馆地址","金华市金东区塘雅镇金华市木版年画博物馆"
"宁波市海曙区耕泽石刻博物馆","博物馆地址","嘉兴市南湖区中基路35号"
"湖州市南浔区徐迟文学馆","联系方式","0573-82209577"
"平湖市博物馆","博物馆性质","非国有博物馆"
"湖州瑞一历史文物博物馆","主键","cc706498-47c6-4617-bb25-b1088ed32a1c"
"宁海县许家山石文化展示馆","行政区划名称","嘉兴市"
"宁波市海曙区耕泽石刻博物馆","博物馆地址","临海市深浦西路117号"
"宁波市海曙区耕泽石刻博物馆","博物馆地址","浙江省绍兴市越城区劳动路369号"
"湖州市南浔区徐迟文学馆","联系方式","0575-85133368"
"平湖市博物馆","博物馆性质","国有博物馆"
"湖州瑞一历史文物博物馆","主键","1ae777c3-4c31-497d-8ac8-fad3c7c89d33"
"宁海县许家山石文化展示馆","行政区划名称","绍兴市"
"宁波市海曙区耕泽石刻博物馆","博物馆地址","宁波市江北区洪塘街道鞍山村安东49号"
"湖州市南浔区徐迟文学馆","联系方式","0574-83070065"
"平湖市博物馆","博物馆性质","国有博物馆"
"湖州瑞一历史文物博物馆","主键","81a239a2-ff3c-43b2-b3c7-297e8746045c"
"宁海县许家山石文化展示馆","行政区划名称","宁波市"
"宁波市海曙区耕泽石刻博物馆","博物馆地址","湖州市南埠街后沈埠"
"湖州市南浔区徐迟文学馆","联系方式","0572-2069822"
"平湖市博物馆","博物馆性质","非国有博物馆"
"湖州瑞一历史文物博物馆","主键","6adaa54d-8bda-4e82-9d37-6aae5549c5ad"
"宁海县许家山石文化展示馆","行政区划名称","湖州市"
"宁波市海曙区耕泽石刻博物馆","博物馆地址","台州市椒江区云西路157-173号"
"宁波市海曙区耕泽石刻博物馆","博物馆地址","慈溪市横河镇大山百卄步香格里庄园内"
"宁波市海曙区耕泽石刻博物馆","博物馆地址","余杭塘路866号"
"湖州市南浔区徐迟文学馆","联系方式","0571-87072306"
"平湖市博物馆","博物馆性质","国有博物馆"
"湖州瑞一历史文物博物馆","主键","0e166c5b-c6fe-4828-abbe-0f288dc42db9"
"宁海县许家山石文化展示馆","行政区划名称","杭州市"
"宁波市海曙区耕泽石刻博物馆","博物馆地址","杭州市半山临半路181号"
"湖州市南浔区徐迟文学馆","联系方式","0571-88147357"
"平湖市博物馆","博物馆性质","非国有博物馆"
"湖州瑞一历史文物博物馆","主键","f99e66ff-72cb-4027-8e68-eb405537965c"
"宁海县许家山石文化展示馆","行政区划名称","杭州市"
"宁波市海曙区耕泽石刻博物馆","博物馆地址","杭州市余杭区良渚街道设计路"
"湖州市南浔区徐迟文学馆","联系方式","0571-88770700"
"平湖市博物馆","博物馆性质","国有博物馆"
"湖州瑞一历史文物博物馆","主键","ce8463cb-9a37-4e32-a4c6-0bbb9ab93af0"
"宁海县许家山石文化展示馆","行政区划名称","杭州市"
"宁波市海曙区耕泽石刻博物馆","博物馆地址","安吉县递铺镇东庄路2号"
"湖州市南浔区徐迟文学馆","联系方式","0572-5024606"
"平湖市博物馆","博物馆性质","国有博物馆"
"湖州瑞一历史文物博物馆","主键","e2d70f2e-69e8-4f1e-95c8-9ccd1ab7e86e"
"宁海县许家山石文化展示馆","行政区划名称","湖州市"
"宁波市海曙区耕泽石刻博物馆","博物馆地址","青田县水南"
"湖州市南浔区徐迟文学馆","联系方式","0578-6963310"
"平湖市博物馆","博物馆性质","国有博物馆"
"湖州瑞一历史文物博物馆","主键","410d4f0a-e10f-4f0b-9674-cea6810ef773"
"宁海县许家山石文化展示馆","行政区划名称","丽水市"
"宁波市海曙区耕泽石刻博物馆","博物馆地址","杭州市葛岭路17号"
"湖州市南浔区徐迟文学馆","联系方式","0571-87965695"
"平湖市博物馆","博物馆性质","国有博物馆"
"湖州瑞一历史文物博物馆","主键","1bed6791-697a-46b6-9260-31a9b708b628"
"宁海县许家山石文化展示馆","行政区划名称","杭州市"
"宁波市海曙区耕泽石刻博物馆","博物馆地址","宁波市江东北路156号"
"湖州市南浔区徐迟文学馆","联系方式","0574-87338608"
"平湖市博物馆","博物馆性质","国有博物馆"
"湖州瑞一历史文物博物馆","主键","8a459c8e-ecf3-4c05-8462-9ca7cd0115ab"
"宁海县许家山石文化展示馆","行政区划名称","宁波市"
"宁波市海曙区耕泽石刻博物馆","博物馆地址","杭州市余杭区塘栖镇塘栖路142号"
"湖州市南浔区徐迟文学馆","联系方式","0571-86350668"
"平湖市博物馆","博物馆性质","非国有博物馆"
"湖州瑞一历史文物博物馆","主键","319c904d-ea05-4a0d-9f9a-d12d3ffbdac1"
"宁海县许家山石文化展示馆","行政区划名称","杭州市"
"宁波市海曙区耕泽石刻博物馆","博物馆地址","嘉兴市烟雨路186号"
"湖州市南浔区徐迟文学馆","联系方式","0573-82851183"
"平湖市博物馆","博物馆性质","国有博物馆"
"湖州瑞一历史文物博物馆","主键","a3449de5-c03b-4826-af84-61910e9943af"
"宁海县许家山石文化展示馆","行政区划名称","嘉兴市"
"宁波市海曙区耕泽石刻博物馆","博物馆地址","黄岩西城黄轴路159号"
"宁波市海曙区耕泽石刻博物馆","博物馆地址","丽水市莲都区大猷街30号"
"湖州市南浔区徐迟文学馆","联系方式","0578-2050028"
"平湖市博物馆","博物馆性质","国有博物馆"
"湖州瑞一历史文物博物馆","主键","c97e6a5f-b7f1-44d0-910c-ef795eed2fa0"
"宁海县许家山石文化展示馆","行政区划名称","丽水市"
"宁波市海曙区耕泽石刻博物馆","博物馆地址","海宁市西山路542号"
"湖州市南浔区徐迟文学馆","联系方式","0573-87046719"
"平湖市博物馆","博物馆性质","国有博物馆"
"湖州瑞一历史文物博物馆","主键","d82eb43f-2567-4338-a428-742ed10c48e3"
"宁海县许家山石文化展示馆","行政区划名称","嘉兴市"
"宁波市海曙区耕泽石刻博物馆","博物馆地址","杭州市临安区锦城街道800号"
"湖州市南浔区徐迟文学馆","联系方式","0571-58618300"
"平湖市博物馆","博物馆性质","国有博物馆"
"湖州瑞一历史文物博物馆","主键","3d3bbca8-a911-4bf4-a067-914991ee1c81"
"宁海县许家山石文化展示馆","行政区划名称","杭州市"
"宁波市海曙区耕泽石刻博物馆","博物馆地址","海宁市仓基街41号"
"湖州市南浔区徐迟文学馆","联系方式","0573-87010238"
"平湖市博物馆","博物馆性质","国有博物馆"
"湖州瑞一历史文物博物馆","主键","77a3f9f1-62a1-4b18-9617-6d1436280679"
"宁海县许家山石文化展示馆","行政区划名称","嘉兴市"
"宁波市海曙区耕泽石刻博物馆","博物馆地址","象山县东陈乡樟岙村伊兰山脚"
"湖州市南浔区徐迟文学馆","联系方式","0574-65770722"
"平湖市博物馆","博物馆性质","非国有博物馆"
"湖州瑞一历史文物博物馆","主键","b864ce22-ce48-4c13-a450-4d1f92848dcc"
"宁海县许家山石文化展示馆","行政区划名称","宁波市"
"宁波市海曙区耕泽石刻博物馆","博物馆地址","椒江区戚继光路100号"
"湖州市南浔区徐迟文学馆","联系方式","0576-88223782"
"平湖市博物馆","博物馆性质","国有博物馆"
"湖州瑞一历史文物博物馆","主键","b8a1d21c-cfec-4a60-9eec-df50f5c5bc66"
"宁海县许家山石文化展示馆","行政区划名称","台州市"
"宁波市海曙区耕泽石刻博物馆","博物馆地址","宁波市鄞州区云龙镇云莫路88号"
"宁波市海曙区耕泽石刻博物馆","博物馆地址","临海市邵家渡街道邵牛东路129号"
"宁波市海曙区耕泽石刻博物馆","博物馆地址","杭州市西湖区北山街84号（北山馆区）及栖霞岭54号（栖霞馆区）"
"湖州市南浔区徐迟文学馆","联系方式","0571-87996299"
"平湖市博物馆","博物馆性质","国有博物馆"
"湖州瑞一历史文物博物馆","主键","ba3b52d4-a4eb-4af5-b9d3-e0bb95fa2b02"
"宁海县许家山石文化展示馆","行政区划名称","杭州市"
"宁波市海曙区耕泽石刻博物馆","博物馆地址","淳安县中洲镇厦山村泰夏自然村1-1号"
"湖州市南浔区徐迟文学馆","联系方式","0571-64851299"
"平湖市博物馆","博物馆性质","国有博物馆"
"湖州瑞一历史文物博物馆","主键","f7383086-c339-43c0-911f-195784103036"
"宁海县许家山石文化展示馆","行政区划名称","杭州市"
"宁波市海曙区耕泽石刻博物馆","博物馆地址","平阳县凤卧镇凤林村"
"宁波市海曙区耕泽石刻博物馆","博物馆地址","温州市永嘉县岩头镇五尺村隔水"
"湖州市南浔区徐迟文学馆","联系方式","0577-67178482"
"平湖市博物馆","博物馆性质","国有博物馆"
"湖州瑞一历史文物博物馆","主键","856bd5f5-91d1-4d86-83ec-9e2cb037c673"
"宁海县许家山石文化展示馆","行政区划名称","温州市"
"宁波市海曙区耕泽石刻博物馆","博物馆地址","乐清市晨曦路299号"
"湖州市南浔区徐迟文学馆","联系方式","0577-61885057"
"平湖市博物馆","博物馆性质","国有博物馆"
"湖州瑞一历史文物博物馆","主键","57ef3f43-cdef-434f-bbc3-0b1a6808c6ca"
"宁海县许家山石文化展示馆","行政区划名称","温州市"
"宁波市海曙区耕泽石刻博物馆","博物馆地址","嘉兴市环城西路671号"
"湖州市南浔区徐迟文学馆","联系方式","0573-82424321"
"平湖市博物馆","博物馆性质","国有博物馆"
"湖州瑞一历史文物博物馆","主键","ac3ebaa5-6e62-4884-8e7a-46f9692ea808"
"宁海县许家山石文化展示馆","行政区划名称","嘉兴市"
"宁波市海曙区耕泽石刻博物馆","博物馆地址","杭州市西湖区虎跑路39号虎跑公园内"
"湖州市南浔区徐迟文学馆","联系方式","0571-86088023"
"平湖市博物馆","博物馆性质","国有博物馆"
"湖州瑞一历史文物博物馆","主键","fdcfcf23-3a47-41e9-9d7a-bd4b4772e576"
"宁海县许家山石文化展示馆","行政区划名称","杭州市"
"宁波市海曙区耕泽石刻博物馆","博物馆地址","嘉兴市海盐塘路201号"
"宁波市海曙区耕泽石刻博物馆","博物馆地址","杭州市云栖路7号"
"湖州市南浔区徐迟文学馆","联系方式","0571-87311789"
"平湖市博物馆","博物馆性质","非国有博物馆"
"湖州瑞一历史文物博物馆","主键","1149c3ce-b13d-426e-a37d-2772288ab181"
"宁海县许家山石文化展示馆","行政区划名称","杭州市"
"宁波市海曙区耕泽石刻博物馆","博物馆地址","金华市磐安县玉山镇马塘村"
"湖州市南浔区徐迟文学馆","联系方式","0579-81715828"
"平湖市博物馆","博物馆性质","国有博物馆"
"湖州瑞一历史文物博物馆","主键","1d53a995-013d-47fd-85c2-76f58c77c912"
"宁海县许家山石文化展示馆","行政区划名称","金华市"
"宁波市海曙区耕泽石刻博物馆","博物馆地址","临海市大洋街道柳堤1-3＃"
"宁波市海曙区耕泽石刻博物馆","博物馆地址","奉化区溪口镇溪南"
"湖州市南浔区徐迟文学馆","联系方式","0574-88855068"
"平湖市博物馆","博物馆性质","国有博物馆"
"湖州瑞一历史文物博物馆","主键","1b8b0478-5471-47c9-83f8-425b196c64a3"
"宁海县许家山石文化展示馆","行政区划名称","宁波市"
"宁波市海曙区耕泽石刻博物馆","博物馆地址","湖州市吴兴区仁皇山街道吴兴路1号"
"湖州市南浔区徐迟文学馆","联系方式","0572-2399830"
"平湖市博物馆","博物馆性质","国有博物馆"
"湖州瑞一历史文物博物馆","主键","f65992f1-3e2a-48ce-875e-fa9933276886"
"宁海县许家山石文化展示馆","行政区划名称","湖州市"
"宁波市海曙区耕泽石刻博物馆","博物馆地址","余姚市大岚镇丹山路1号"
"湖州市南浔区徐迟文学馆","联系方式","0574-62338888"
"平湖市博物馆","博物馆性质","非国有博物馆"
"湖州瑞一历史文物博物馆","主键","f3b22db6-5977-48d1-9486-d78fb65488ac"
"宁海县许家山石文化展示馆","行政区划名称","宁波市"
"宁波市海曙区耕泽石刻博物馆","博物馆地址","景宁县人民南路350号"
"湖州市南浔区徐迟文学馆","联系方式","0578-5096321"
"平湖市博物馆","博物馆性质","国有博物馆"
"湖州瑞一历史文物博物馆","主键","96ddf658-b281-409f-aaab-8a7b94fc3c3a"
"宁海县许家山石文化展示馆","行政区划名称","丽水市"
"宁波市海曙区耕泽石刻博物馆","博物馆地址","瑞安市沿江西路500号"
"湖州市南浔区徐迟文学馆","联系方式","1.3758750822E10"
"平湖市博物馆","博物馆性质","非国有博物馆"
"湖州瑞一历史文物博物馆","主键","74443f16-82f6-49a9-9b72-c837f9561296"
"宁海县许家山石文化展示馆","行政区划名称","温州市"
"宁波市海曙区耕泽石刻博物馆","博物馆地址","宁波市宁海县强蛟镇"
"宁波市海曙区耕泽石刻博物馆","博物馆地址","浙江省绍兴市越城区鲁迅中路318号"
"湖州市南浔区徐迟文学馆","联系方式","0575-85135140"
"平湖市博物馆","博物馆性质","国有博物馆"
"湖州瑞一历史文物博物馆","主键","65f07beb-e72e-419d-9a07-3c7b29a08c1f"
"宁海县许家山石文化展示馆","行政区划名称","绍兴市"
"宁波市海曙区耕泽石刻博物馆","博物馆地址","永康市望春东路172号"
"湖州市南浔区徐迟文学馆","联系方式","0579-89290268"
"平湖市博物馆","博物馆性质","非国有博物馆"
"湖州瑞一历史文物博物馆","主键","89981d5b-31b1-4c56-9436-4c1a3f8f66b5"
"宁海县许家山石文化展示馆","行政区划名称","金华市"
"宁波市海曙区耕泽石刻博物馆","博物馆地址","杭州市龙井路南天竺"
"湖州市南浔区徐迟文学馆","联系方式","0571-87963508"
"平湖市博物馆","博物馆性质","国有博物馆"
"湖州瑞一历史文物博物馆","主键","4c1f29cd-89ce-4ce5-b1b8-e8f20f5393f6"
"宁海县许家山石文化展示馆","行政区划名称","杭州市"
"宁波市海曙区耕泽石刻博物馆","博物馆地址","杭州市南山路89号"
"湖州市南浔区徐迟文学馆","联系方式","0571-87882333"
"平湖市博物馆","博物馆性质","国有博物馆"
"湖州瑞一历史文物博物馆","主键","1951cba2-dc33-4bc5-ab8f-f9f6e97ee7cb"
"宁海县许家山石文化展示馆","行政区划名称","杭州市"
"宁波市海曙区耕泽石刻博物馆","博物馆地址","宁海县跃龙街道柔石路1号"
"湖州市南浔区徐迟文学馆","联系方式","0574-65518585"
"平湖市博物馆","博物馆性质","国有博物馆"
"湖州瑞一历史文物博物馆","主键","63809fb1-bc26-4d8e-bd80-aa21a6fca654"
"宁海县许家山石文化展示馆","行政区划名称","宁波市"
"宁波市海曙区耕泽石刻博物馆","博物馆地址","九睦路与九沙大道交叉口"
"湖州市南浔区徐迟文学馆","联系方式","0571-86912900"
"平湖市博物馆","博物馆性质","国有博物馆"
"湖州瑞一历史文物博物馆","主键","ee8029a2-95b6-4002-8549-eb2c16bd7881"
"宁海县许家山石文化展示馆","行政区划名称","杭州市"
"宁波市海曙区耕泽石刻博物馆","博物馆地址","苍南县矾山镇八一路38号"
"湖州市南浔区徐迟文学馆","联系方式","1.39688801E10"
"平湖市博物馆","博物馆性质","非国有博物馆"
"湖州瑞一历史文物博物馆","主键","8cf74f48-e493-4cc9-9e35-d9cadeddab0b"
"宁海县许家山石文化展示馆","行政区划名称","温州市"
"宁波市海曙区耕泽石刻博物馆","博物馆地址","上虞区人民中路228号"
"湖州市南浔区徐迟文学馆","联系方式","8.220252E7"
"平湖市博物馆","博物馆性质","国有博物馆"
"湖州瑞一历史文物博物馆","主键","aed78f1f-e2b7-4c08-a18c-485a1bc0fcaf"
"宁海县许家山石文化展示馆","行政区划名称","绍兴市"
"宁波市海曙区耕泽石刻博物馆","博物馆地址","海宁市建设路122号"
"湖州市南浔区徐迟文学馆","联系方式","0573-87041816"
"平湖市博物馆","博物馆性质","国有博物馆"
"湖州瑞一历史文物博物馆","主键","b610c29a-76b5-4cf7-a35c-564b78fc5d3d"
"宁海县许家山石文化展示馆","行政区划名称","嘉兴市"
"宁波市海曙区耕泽石刻博物馆","博物馆地址","慈溪市新城大道北路89号"
"湖州市南浔区徐迟文学馆","联系方式","0574-63267666"
"平湖市博物馆","博物馆性质","非国有博物馆"
"湖州瑞一历史文物博物馆","主键","8bac59ce-35b6-4a82-8860-5091ad766cb0"
"宁海县许家山石文化展示馆","行政区划名称","宁波市"
"宁波市海曙区耕泽石刻博物馆","博物馆地址","安吉县城南竹博园旁"
"湖州市南浔区徐迟文学馆","联系方式","0572-5338858"
"平湖市博物馆","博物馆性质","非国有博物馆"
"湖州瑞一历史文物博物馆","主键","dbebaebc-e042-4de0-ab57-c626ea6b07f1"
"宁海县许家山石文化展示馆","行政区划名称","湖州市"
"宁波市海曙区耕泽石刻博物馆","博物馆地址","平阳县山门镇风岭村"
"宁波市海曙区耕泽石刻博物馆","博物馆地址","宁波市海曙区联丰中路499号"
"湖州市南浔区徐迟文学馆","联系方式","0574-87561181"
"平湖市博物馆","博物馆性质","非国有博物馆"
"湖州瑞一历史文物博物馆","主键","edda6ee9-3544-4385-864a-a5b53ea70a0c"
"宁海县许家山石文化展示馆","行政区划名称","宁波市"
"宁波市海曙区耕泽石刻博物馆","博物馆地址","宁波市鄞州区鄞县大道中段2号（华茂外国语学校内）"
"湖州市南浔区徐迟文学馆","联系方式","0574-88211946"
"平湖市博物馆","博物馆性质","非国有博物馆"
"湖州瑞一历史文物博物馆","主键","21038727-2208-4013-a45f-afb6efb4cf4c"
"宁海县许家山石文化展示馆","行政区划名称","宁波市"
"宁波市海曙区耕泽石刻博物馆","博物馆地址","海曙区石碶街道冯家村（机场路旁）"
"湖州市南浔区徐迟文学馆","联系方式","0574-88251023"
"平湖市博物馆","博物馆性质","非国有博物馆"
"湖州瑞一历史文物博物馆","主键","8badbb79-3eff-4dc6-a51a-4fb94cd8e880"
"宁海县许家山石文化展示馆","行政区划名称","宁波市"
"宁波市海曙区耕泽石刻博物馆","博物馆地址","浙江省绍兴市新昌县鼓山西路130号"
"湖州市南浔区徐迟文学馆","联系方式","0575-86338631"
"平湖市博物馆","博物馆性质","国有博物馆"
"湖州瑞一历史文物博物馆","主键","85549a46-3e39-4325-badc-db00a262b972"
"宁海县许家山石文化展示馆","行政区划名称","绍兴市"
"宁波市海曙区耕泽石刻博物馆","博物馆地址","舟山市定海区昌国路371号"
"宁波市海曙区耕泽石刻博物馆","博物馆地址","杭州市梅岭南路梵村感应桥1号"
"湖州市南浔区徐迟文学馆","联系方式","0571-87960190"
"平湖市博物馆","博物馆性质","非国有博物馆"
"湖州瑞一历史文物博物馆","主键","1b32c95e-d8db-4509-b3d3-002f70dfacc5"
"宁海县许家山石文化展示馆","行政区划名称","杭州市"
"宁波市海曙区耕泽石刻博物馆","博物馆地址","斗门街道荷湖村"
"湖州市南浔区徐迟文学馆","联系方式","8.8037624E7"
"平湖市博物馆","博物馆性质","非国有博物馆"
"湖州瑞一历史文物博物馆","主键","1d603d93-41a7-43ea-9480-39c6574844e1"
"宁海县许家山石文化展示馆","行政区划名称","绍兴市"
"宁波市海曙区耕泽石刻博物馆","博物馆地址","杭州市北山路80号"
"湖州市南浔区徐迟文学馆","联系方式","0571-87979129"
"平湖市博物馆","博物馆性质","国有博物馆"
"湖州瑞一历史文物博物馆","主键","4e9bb007-f00a-430d-beb3-7b5adb0217c5"
"宁海县许家山石文化展示馆","行政区划名称","杭州市"
"宁波市海曙区耕泽石刻博物馆","博物馆地址","奉化区溪口镇武岭西路159号"
"湖州市南浔区徐迟文学馆","联系方式","0574-88850311"
"平湖市博物馆","博物馆性质","国有博物馆"
"湖州瑞一历史文物博物馆","主键","c5498948-0552-425c-8f0f-c46c34ea0cf2"
"宁海县许家山石文化展示馆","行政区划名称","宁波市"
"宁波市海曙区耕泽石刻博物馆","博物馆地址","桐庐县城南街道学圣路646号"
"湖州市南浔区徐迟文学馆","联系方式","0571-58507893"
"平湖市博物馆","博物馆性质","国有博物馆"
"湖州瑞一历史文物博物馆","主键","ad0cebeb-8f23-4559-82ea-79c721ff716d"
"宁海县许家山石文化展示馆","行政区划名称","杭州市"
"宁波市海曙区耕泽石刻博物馆","博物馆地址","嘉兴市南湖区广益路555号国际中港城五楼"
"湖州市南浔区徐迟文学馆","联系方式","0573-83976699"
"平湖市博物馆","博物馆性质","非国有博物馆"
"湖州瑞一历史文物博物馆","主键","28fd9534-8df2-4114-aa32-67d124cfbd9b"
"宁海县许家山石文化展示馆","行政区划名称","嘉兴市"
"宁波市海曙区耕泽石刻博物馆","博物馆地址","杭州市上城区中山南路453号"
"湖州市南浔区徐迟文学馆","联系方式","0571-86820270"
"平湖市博物馆","博物馆性质","非国有博物馆"
"湖州瑞一历史文物博物馆","主键","9c6ddda9-d5de-4080-a405-761dda71a499"
"宁海县许家山石文化展示馆","行政区划名称","杭州市"
"宁波市海曙区耕泽石刻博物馆","博物馆地址","温州市洞头区南塘工业区九亩丘海创园"
"宁波市海曙区耕泽石刻博物馆","博物馆地址","绍兴市柯桥区平水镇新桥村"
"湖州市南浔区徐迟文学馆","联系方式","5.7585740738E10"
"平湖市博物馆","博物馆性质","非国有博物馆"
"湖州瑞一历史文物博物馆","主键","f345c270-ba6d-4f80-a7ec-151c58d9524e"
"宁海县许家山石文化展示馆","行政区划名称","绍兴市"
"宁波市海曙区耕泽石刻博物馆","博物馆地址","丽水市莲都区中山街北1-9号"
"湖州市南浔区徐迟文学馆","联系方式","0578-2220116"
"平湖市博物馆","博物馆性质","非国有博物馆"
"湖州瑞一历史文物博物馆","主键","cf32115b-6a79-4723-a42c-3a501d9c40a8"
"宁海县许家山石文化展示馆","行政区划名称","丽水市"
"宁波市海曙区耕泽石刻博物馆","博物馆地址","象山县丹东街道新华路269号"
"湖州市南浔区徐迟文学馆","联系方式","0574-65781386"
"平湖市博物馆","博物馆性质","非国有博物馆"
"湖州瑞一历史文物博物馆","主键","1c716355-460d-4023-85e2-416dbe5989c2"
"宁海县许家山石文化展示馆","行政区划名称","宁波市"
"宁波市海曙区耕泽石刻博物馆","博物馆地址","景宁县人民中路211号"
"湖州市南浔区徐迟文学馆","联系方式","0578-5096087"
"平湖市博物馆","博物馆性质","非国有博物馆"
"湖州瑞一历史文物博物馆","主键","81f928f7-5416-4534-9e83-05c0650f8fb8"
"宁海县许家山石文化展示馆","行政区划名称","丽水市"
"宁波市海曙区耕泽石刻博物馆","博物馆地址","台州市路桥区翼文苑38幢203室"
"湖州市南浔区徐迟文学馆","联系方式","0576-82902059"
"平湖市博物馆","博物馆性质","国有博物馆"
"湖州瑞一历史文物博物馆","主键","9bf7e6fa-104c-4a59-b279-d5198d9bb88c"
"宁海县许家山石文化展示馆","行政区划名称","台州市"
"宁波市海曙区耕泽石刻博物馆","博物馆地址","杭州市江干区笕桥街道机场路250号4幢2楼"
"湖州市南浔区徐迟文学馆","联系方式","0571-88160109"
"平湖市博物馆","博物馆性质","非国有博物馆"
"湖州瑞一历史文物博物馆","主键","65df5216-4082-401a-bf6d-cf0fd5ab9ec1"
"宁海县许家山石文化展示馆","行政区划名称","杭州市"
"宁波市海曙区耕泽石刻博物馆","博物馆地址","湖州市德清县舞阳街道舞阳街1001号"
"湖州市南浔区徐迟文学馆","联系方式","0572-8065845"
"平湖市博物馆","博物馆性质","非国有博物馆"
"湖州瑞一历史文物博物馆","主键","1d47abcb-c4e0-434e-869b-3fc69c978af0"
"宁海县许家山石文化展示馆","行政区划名称","湖州市"
"宁波市海曙区耕泽石刻博物馆","博物馆地址","杭州市长生路58号西湖国贸中心622室"
"湖州市南浔区徐迟文学馆","联系方式","0571-87558406"
"平湖市博物馆","博物馆性质","非国有博物馆"
"湖州瑞一历史文物博物馆","主键","b550a700-807f-41b8-ae36-144da442723a"
"宁海县许家山石文化展示馆","行政区划名称","杭州市"
"宁波市海曙区耕泽石刻博物馆","博物馆地址","安吉县城南"
"湖州市南浔区徐迟文学馆","联系方式","0572-5338988"
"平湖市博物馆","博物馆性质","国有博物馆"
"湖州瑞一历史文物博物馆","主键","706bc963-255a-413b-96b0-0973dafe2ca9"
"宁海县许家山石文化展示馆","行政区划名称","湖州市"
"宁波市海曙区耕泽石刻博物馆","博物馆地址","岱山县高亭镇竹屿新区长剑大道201号"
"湖州市南浔区徐迟文学馆","联系方式","0580-4962877"
"平湖市博物馆","博物馆性质","国有博物馆"
"湖州瑞一历史文物博物馆","主键","114cead8-ff6c-4784-82af-06b24e954405"
"宁海县许家山石文化展示馆","行政区划名称","舟山市"
"宁波市海曙区耕泽石刻博物馆","博物馆地址","绍兴市东浦街道环北路一号"
"湖州市南浔区徐迟文学馆","联系方式","1.3587337998E10"
"平湖市博物馆","博物馆性质","非国有博物馆"
"湖州瑞一历史文物博物馆","主键","d1ebd817-dfb7-4dd9-b323-c69769c0b8ac"
"宁海县许家山石文化展示馆","行政区划名称","绍兴市"
"宁波市海曙区耕泽石刻博物馆","博物馆地址","慈溪市周巷镇天潭路路86号"
"湖州市南浔区徐迟文学馆","联系方式","0574-63457888"
"平湖市博物馆","博物馆性质","非国有博物馆"
"湖州瑞一历史文物博物馆","主键","1bc27a28-e4cb-4465-9046-c75a71f3de1c"
"宁海县许家山石文化展示馆","行政区划名称","宁波市"
"宁波市海曙区耕泽石刻博物馆","博物馆地址","瑞安市罗阳大道瑞安广场东首（瑞安博物馆）"
"湖州市南浔区徐迟文学馆","联系方式","0577-65898177"
"平湖市博物馆","博物馆性质","国有博物馆"
"湖州瑞一历史文物博物馆","主键","a1626779-45d2-47e7-a1b3-0bf88b6c7b4a"
"宁海县许家山石文化展示馆","行政区划名称","温州市"
"宁波市海曙区耕泽石刻博物馆","博物馆地址","宁波市海曙区高桥镇新庄村"
"湖州市南浔区徐迟文学馆","联系方式","0574-87509335"
"平湖市博物馆","博物馆性质","非国有博物馆"
"湖州瑞一历史文物博物馆","主键","18dcce77-df5d-4d82-96d4-994d0643fb91"
"宁海县许家山石文化展示馆","行政区划名称","宁波市"
"宁波市海曙区耕泽石刻博物馆","博物馆地址","新昌县七星街道浙江江南名茶市场B8幢2001号"
"湖州市南浔区徐迟文学馆","联系方式","1.3967586568E10"
"平湖市博物馆","博物馆性质","非国有博物馆"
"湖州瑞一历史文物博物馆","主键","dca486f5-5b9a-4adb-bc3e-eec84cf4e5ca"
"宁海县许家山石文化展示馆","行政区划名称","绍兴市"
"宁波市海曙区耕泽石刻博物馆","博物馆地址","杭州市天目山路402号"
"湖州市南浔区徐迟文学馆","联系方式","0571-88872909"
"平湖市博物馆","博物馆性质","国有博物馆"
"湖州瑞一历史文物博物馆","主键","1223b0ba-e462-43a3-9840-02fa72097949"
"宁海县许家山石文化展示馆","行政区划名称","杭州市"
"宁波市海曙区耕泽石刻博物馆","博物馆地址","苍南县桥墩镇碗窑村"
"湖州市南浔区徐迟文学馆","联系方式","1.3858706985E10"
"平湖市博物馆","博物馆性质","非国有博物馆"
"湖州瑞一历史文物博物馆","主键","85b0a940-883a-4c2e-8924-9de20e71c2d2"
"宁海县许家山石文化展示馆","行政区划名称","温州市"
"宁波市海曙区耕泽石刻博物馆","博物馆地址","金华市婺城区白龙桥镇叶店村文化街2号"
"宁波市海曙区耕泽石刻博物馆","博物馆地址","浙江省金华市东市北街50号"
"湖州市南浔区徐迟文学馆","联系方式","0579-89806767"
"平湖市博物馆","博物馆性质","非国有博物馆"
"湖州瑞一历史文物博物馆","主键","74bb5de3-fae6-48f0-b520-5db31986e0ba"
"宁海县许家山石文化展示馆","行政区划名称","金华市"
"宁波市海曙区耕泽石刻博物馆","博物馆地址","海宁市硖石街道西山路493号"
"湖州市南浔区徐迟文学馆","联系方式","0573-87130196"
"平湖市博物馆","博物馆性质","国有博物馆"
"湖州瑞一历史文物博物馆","主键","29ae9d41-23ed-4087-83b4-efa178910004"
"宁海县许家山石文化展示馆","行政区划名称","嘉兴市"
"宁波市海曙区耕泽石刻博物馆","博物馆地址","杭州市上城区府学巷8号"
"湖州市南浔区徐迟文学馆","联系方式","0571-87062125"
"平湖市博物馆","博物馆性质","国有博物馆"
"湖州瑞一历史文物博物馆","主键","dc92d5bb-e552-4769-810a-d141285b7dc6"
"宁海县许家山石文化展示馆","行政区划名称","杭州市"
"宁波市海曙区耕泽石刻博物馆","博物馆地址","嘉善县花园路178号"
"湖州市南浔区徐迟文学馆","联系方式","0573-84024665"
"平湖市博物馆","博物馆性质","国有博物馆"
"湖州瑞一历史文物博物馆","主键","ee150878-2e9c-4965-a5b1-a0a18a72fa08"
"宁海县许家山石文化展示馆","行政区划名称","嘉兴市"
"宁波市海曙区耕泽石刻博物馆","博物馆地址","台州市椒江区爱华路168号"
"湖州市南浔区徐迟文学馆","联系方式","0576-88851268"
"平湖市博物馆","博物馆性质","国有博物馆"
"湖州瑞一历史文物博物馆","主键","5b352c65-83d8-492f-b5a7-0536d6286ef0"
"宁海县许家山石文化展示馆","行政区划名称","台州市"
"宁波市海曙区耕泽石刻博物馆","博物馆地址","永康市东城街道丽州中路20号"
"宁波市海曙区耕泽石刻博物馆","博物馆地址","慈溪市桥头镇五丰村周塘路860号"
"湖州市南浔区徐迟文学馆","联系方式","0574-63691700"
"平湖市博物馆","博物馆性质","非国有博物馆"
"湖州瑞一历史文物博物馆","主键","a50ea407-5bc3-43ea-b90b-84eafc7d87af"
"宁海县许家山石文化展示馆","行政区划名称","宁波市"
"宁波市海曙区耕泽石刻博物馆","博物馆地址","瑞安塘下镇中兴南街35~43号"
"湖州市南浔区徐迟文学馆","联系方式","6.6071386137057802E18"
"平湖市博物馆","博物馆性质","非国有博物馆"
"湖州瑞一历史文物博物馆","主键","3907d6b6-8d47-4862-b551-70f525e3e913"
"宁海县许家山石文化展示馆","行政区划名称","温州市"
"宁波市海曙区耕泽石刻博物馆","博物馆地址","台州市椒江区东海大道东段989号"
"湖州市南浔区徐迟文学馆","联系方式","0576-89062262"
"平湖市博物馆","博物馆性质","非国有博物馆"
"湖州瑞一历史文物博物馆","主键","91cc0753-c8a0-4289-8e43-c90150442375"
"宁海县许家山石文化展示馆","行政区划名称","台州市"
"宁波市海曙区耕泽石刻博物馆","博物馆地址","宁波市鄞州区下应街道天工路蓝海巷80号"
"湖州市南浔区徐迟文学馆","联系方式","0574-87196099"
"平湖市博物馆","博物馆性质","国有博物馆"
"湖州瑞一历史文物博物馆","主键","b6a99b8c-8c06-436c-9d58-52131fb98198"
"宁海县许家山石文化展示馆","行政区划名称","宁波市"
"宁波市海曙区耕泽石刻博物馆","博物馆地址","绍兴市越城区偏门直街75号"
"湖州市南浔区徐迟文学馆","联系方式","0575-85096361"
"平湖市博物馆","博物馆性质","国有博物馆"
"湖州瑞一历史文物博物馆","主键","966e9beb-7730-4f5f-b5de-d4b8ad08bb8e"
"宁海县许家山石文化展示馆","行政区划名称","绍兴市"
"宁波市海曙区耕泽石刻博物馆","博物馆地址","台州市椒江区海门老街87号"
"湖州市南浔区徐迟文学馆","联系方式","0576-88531537"
"平湖市博物馆","博物馆性质","国有博物馆"
"湖州瑞一历史文物博物馆","主键","1e606c56-0176-4400-ab0b-8ef14e709ea4"
"宁海县许家山石文化展示馆","行政区划名称","台州市"
"宁波市海曙区耕泽石刻博物馆","博物馆地址","桐庐县大奇山路519号"
"湖州市南浔区徐迟文学馆","联系方式","0571-58507875"
"平湖市博物馆","博物馆性质","国有博物馆"
"湖州瑞一历史文物博物馆","主键","49039495-b150-40e8-bec6-9117b87d5449"
"宁海县许家山石文化展示馆","行政区划名称","杭州市"
"宁波市海曙区耕泽石刻博物馆","博物馆地址","浙江省桐乡市石门镇大井路1号"
"湖州市南浔区徐迟文学馆","联系方式","0573-88611275"
"平湖市博物馆","博物馆性质","国有博物馆"
"湖州瑞一历史文物博物馆","主键","f875e3b3-e005-40cf-ab4d-e61e389866ac"
"宁海县许家山石文化展示馆","行政区划名称","嘉兴市"
"宁波市海曙区耕泽石刻博物馆","博物馆地址","余姚市梁弄镇让贤横坎头村"
"湖州市南浔区徐迟文学馆","联系方式","0574-62368058，0574-62357165"
"平湖市博物馆","博物馆性质","国有博物馆"
"湖州瑞一历史文物博物馆","主键","315c1ada-182a-4a87-84c6-bdabcefc857d"
"宁海县许家山石文化展示馆","行政区划名称","宁波市"
"宁波市海曙区耕泽石刻博物馆","博物馆地址","安吉孝丰竹产业园区"
"湖州市南浔区徐迟文学馆","联系方式","0572-5601996"
"平湖市博物馆","博物馆性质","非国有博物馆"
"湖州瑞一历史文物博物馆","主键","5a040f77-6987-4b6b-8423-444aab4a6579"
"宁海县许家山石文化展示馆","行政区划名称","湖州市"
"宁波市海曙区耕泽石刻博物馆","博物馆地址","浙江省舟山市普陀区沈家门街道缪家塘路50号"
"湖州市南浔区徐迟文学馆","联系方式","0580—3052930"
"平湖市博物馆","博物馆性质","国有博物馆"
"湖州瑞一历史文物博物馆","主键","48be8bb1-0811-4cc6-987d-66245b12db33"
"宁海县许家山石文化展示馆","行政区划名称","舟山市"
"宁波市海曙区耕泽石刻博物馆","博物馆地址","湖州市莲花庄路258号"
"湖州市南浔区徐迟文学馆","联系方式","0572-2503478"
"平湖市博物馆","博物馆性质","国有博物馆"
"湖州瑞一历史文物博物馆","主键","eb4fc106-b766-46de-9e40-a6105d9e3999"
"宁海县许家山石文化展示馆","行政区划名称","湖州市"
"宁波市海曙区耕泽石刻博物馆","博物馆地址","海曙区横街镇乌岩许家"
"湖州市南浔区徐迟文学馆","联系方式","0574-88479887"
"平湖市博物馆","博物馆性质","非国有博物馆"
"湖州瑞一历史文物博物馆","主键","1b90d958-82d8-4709-8102-275b34e830c7"
"宁海县许家山石文化展示馆","行政区划名称","宁波市"
"宁波市海曙区耕泽石刻博物馆","博物馆地址","台州市仙居县上张乡姚岸村"
"宁波市海曙区耕泽石刻博物馆","博物馆地址","杭州市孤山后山路10号"
"湖州市南浔区徐迟文学馆","联系方式","0571-87977149"
"平湖市博物馆","博物馆性质","国有博物馆"
"湖州瑞一历史文物博物馆","主键","d73774b7-fe60-432e-84f0-b3c7e6ec40e0"
"宁海县许家山石文化展示馆","行政区划名称","杭州市"
"宁波市海曙区耕泽石刻博物馆","博物馆地址","衢州市迎和中路165-169、171-175号"
"宁波市海曙区耕泽石刻博物馆","博物馆地址","杭州市机场路250号"
"湖州市南浔区徐迟文学馆","联系方式","0571-85880009"
"平湖市博物馆","博物馆性质","非国有博物馆"
"湖州瑞一历史文物博物馆","主键","be112f45-5673-443f-a293-64a07bc89263"
"宁海县许家山石文化展示馆","行政区划名称","杭州市"
"宁波市海曙区耕泽石刻博物馆","博物馆地址","余姚市河姆渡镇芦山寺村"
"湖州市南浔区徐迟文学馆","联系方式","0574-62963732"
"平湖市博物馆","博物馆性质","国有博物馆"
"湖州瑞一历史文物博物馆","主键","8368ca0b-bab7-44d0-a670-6bdf4eef69e5"
"宁海县许家山石文化展示馆","行政区划名称","宁波市"
"宁波市海曙区耕泽石刻博物馆","博物馆地址","奉化区锦屏街道中塔路12号"
"湖州市南浔区徐迟文学馆","联系方式","0574-88597633"
"平湖市博物馆","博物馆性质","非国有博物馆"
"湖州瑞一历史文物博物馆","主键","cb114a50-fe89-46b4-9737-5804b7bd098d"
"宁海县许家山石文化展示馆","行政区划名称","宁波市"
"宁波市海曙区耕泽石刻博物馆","博物馆地址","新昌县七星街道中柴路2号"
"湖州市南浔区徐迟文学馆","联系方式","1.3175266E10"
"平湖市博物馆","博物馆性质","非国有博物馆"
"湖州瑞一历史文物博物馆","主键","ba063a45-3e30-4bd5-bcc1-30b13c47e8b7"
"宁海县许家山石文化展示馆","行政区划名称","绍兴市"
"宁波市海曙区耕泽石刻博物馆","博物馆地址","千岛湖镇珍珠半岛珍珠一路113号"
"湖州市南浔区徐迟文学馆","联系方式","0571-65032202"
"平湖市博物馆","博物馆性质","国有博物馆"
"湖州瑞一历史文物博物馆","主键","e911ddb1-0880-4a5f-8002-cc6351de8844"
"宁海县许家山石文化展示馆","行政区划名称","杭州市"
"宁波市海曙区耕泽石刻博物馆","博物馆地址","东阳市城南东路路77号"
"湖州市南浔区徐迟文学馆","联系方式","0579-86683027"
"平湖市博物馆","博物馆性质","国有博物馆"
"湖州瑞一历史文物博物馆","主键","42630ed1-415f-4467-804a-6767b4d690c9"
"宁海县许家山石文化展示馆","行政区划名称","金华市"
"宁波市海曙区耕泽石刻博物馆","博物馆地址","衢州市新桥街98号"
"湖州市南浔区徐迟文学馆","联系方式","0570-8586971"
"平湖市博物馆","博物馆性质","国有博物馆"
"湖州瑞一历史文物博物馆","主键","973a6bd1-f192-4ad1-8c3e-8fe132783797"
"宁海县许家山石文化展示馆","行政区划名称","衢州市"
"宁波市海曙区耕泽石刻博物馆","博物馆地址","余姚市城区丰山路358号4楼"
"宁波市海曙区耕泽石刻博物馆","博物馆地址","杭州市萧山区城厢街道北干山南路650号"
"湖州市南浔区徐迟文学馆","联系方式","0571-82700315"
"平湖市博物馆","博物馆性质","非国有博物馆"
"湖州瑞一历史文物博物馆","主键","c097f609-71d8-4ac3-a564-e03779f000b9"
"宁海县许家山石文化展示馆","行政区划名称","杭州市"
"宁波市海曙区耕泽石刻博物馆","博物馆地址"," 浙江省桐乡市环园路399号"
"湖州市南浔区徐迟文学馆","联系方式","0573-88622093"
"平湖市博物馆","博物馆性质","国有博物馆"
"湖州瑞一历史文物博物馆","主键","10e7470a-f5fc-4f31-8b32-70c0e69d3e8c"
"宁海县许家山石文化展示馆","行政区划名称","嘉兴市"
"宁波市海曙区耕泽石刻博物馆","博物馆地址","杭州市上城区酱园弄12号"
"湖州市南浔区徐迟文学馆","联系方式","0571-88319943"
"平湖市博物馆","博物馆性质","非国有博物馆"
"湖州瑞一历史文物博物馆","主键","a0e22130-1d77-46e4-b7c5-4680d8254b9e"
"宁海县许家山石文化展示馆","行政区划名称","杭州市"
"宁波市海曙区耕泽石刻博物馆","博物馆地址","杭州市西湖区杨公堤10号花港公园蒋庄内"
"湖州市南浔区徐迟文学馆","联系方式","0571-87967384"
"平湖市博物馆","博物馆性质","国有博物馆"
"湖州瑞一历史文物博物馆","主键","89707cb8-945b-4e8b-bc71-9a615cac5449"
"宁海县许家山石文化展示馆","行政区划名称","杭州市"
"宁波市海曙区耕泽石刻博物馆","博物馆地址","嘉兴市海盐塘路485号"
"湖州市南浔区徐迟文学馆","联系方式","0573-83677080"
"平湖市博物馆","博物馆性质","国有博物馆"
"湖州瑞一历史文物博物馆","主键","d6c8caa6-0a75-4d57-a6e4-5edf97e8465e"
"宁海县许家山石文化展示馆","行政区划名称","嘉兴市"
"宁波市海曙区耕泽石刻博物馆","博物馆地址","湖州市南浔镇园林路98号南浔文园内"
"湖州市南浔区徐迟文学馆","联系方式","0572-3019033"
"平湖市博物馆","博物馆性质","非国有博物馆"
"湖州瑞一历史文物博物馆","主键","9ba772f9-456c-46c1-b3b9-da4a40402f29"
"宁海县许家山石文化展示馆","行政区划名称","湖州市"
"宁波市海曙区耕泽石刻博物馆","博物馆地址","宁波市鄞州区天工路蓝海巷58号"
"湖州市南浔区徐迟文学馆","联系方式","0574-87408862"
"平湖市博物馆","博物馆性质","非国有博物馆"
"湖州瑞一历史文物博物馆","主键","ac3abf5c-1e73-4db3-84b9-753fc9981b49"
"宁海县许家山石文化展示馆","行政区划名称","宁波市"
"宁波市海曙区耕泽石刻博物馆","博物馆地址","瑞安市烈士陵园内"
"湖州市南浔区徐迟文学馆","联系方式","0577-65890293"
"平湖市博物馆","博物馆性质","非国有博物馆"
"湖州瑞一历史文物博物馆","主键","3cec99f4-512f-4366-8963-c65a9a813e84"
"宁海县许家山石文化展示馆","行政区划名称","温州市"
"宁波市海曙区耕泽石刻博物馆","博物馆地址","永康市总部中心金山大厦25楼"
"宁波市海曙区耕泽石刻博物馆","博物馆地址","舟山市定海区晓峰岭隧道上"
"湖州市南浔区徐迟文学馆","联系方式","0580-2380424"
"平湖市博物馆","博物馆性质","国有博物馆"
"湖州瑞一历史文物博物馆","主键","044150af-f76a-42f6-8843-570de5280890"
"宁海县许家山石文化展示馆","行政区划名称","舟山市"
"宁波市海曙区耕泽石刻博物馆","博物馆地址","杭州市萧山区山水苑34-1.2.3.4.5.7.9.11"
"湖州市南浔区徐迟文学馆","联系方式","0571-82098870"
"平湖市博物馆","博物馆性质","非国有博物馆"
"湖州瑞一历史文物博物馆","主键","08607372-708f-419d-b9dc-5152b9ac9c09"
"宁海县许家山石文化展示馆","行政区划名称","杭州市"
"宁波市海曙区耕泽石刻博物馆","博物馆地址","杭州市拱墅区运河文化广场1号"
"湖州市南浔区徐迟文学馆","联系方式","0571-88162018"
"平湖市博物馆","博物馆性质","国有博物馆"
"湖州瑞一历史文物博物馆","主键","346da3e1-b08f-41a7-adf7-ea2bdd40c954"
"宁海县许家山石文化展示馆","行政区划名称","杭州市"
"宁波市海曙区耕泽石刻博物馆","博物馆地址","余姚市舜水南路1号"
"湖州市南浔区徐迟文学馆","联系方式","0574-62627070"
"平湖市博物馆","博物馆性质","国有博物馆"
"湖州瑞一历史文物博物馆","主键","40f8082a-4f1f-46e8-8b3f-7d6b64e64214"
"宁海县许家山石文化展示馆","行政区划名称","宁波市"
"宁波市海曙区耕泽石刻博物馆","博物馆地址","舟山市定海区临城街道金岛路153—155号"
"宁波市海曙区耕泽石刻博物馆","博物馆地址","杭州市天城路68号万事利科技大厦2幢3楼"
"湖州市南浔区徐迟文学馆","联系方式","0571-85143003"
"平湖市博物馆","博物馆性质","非国有博物馆"
"湖州瑞一历史文物博物馆","主键","a3effd22-aeff-484c-b0e8-37bc5138d992"
"宁海县许家山石文化展示馆","行政区划名称","杭州市"
"宁波市海曙区耕泽石刻博物馆","博物馆地址","平阳县昆阳镇南丰村"
"宁波市海曙区耕泽石刻博物馆","博物馆地址","温州市洞头区北岙街道海霞村"
"湖州市南浔区徐迟文学馆","联系方式","0577-56727607"
"平湖市博物馆","博物馆性质","国有博物馆"
"湖州瑞一历史文物博物馆","主键","42d1f2dc-dae4-435b-b415-d75c9d39f011"
"宁海县许家山石文化展示馆","行政区划名称","温州市"
"宁波市海曙区耕泽石刻博物馆","博物馆地址","宁波市海曙区鄞县大道古林段312号"
"湖州市南浔区徐迟文学馆","联系方式","0574-56801828"
"平湖市博物馆","博物馆性质","非国有博物馆"
"湖州瑞一历史文物博物馆","主键","d444dae8-5be5-4883-8a9a-a4524dc581c6"
"宁海县许家山石文化展示馆","行政区划名称","宁波市"
"宁波市海曙区耕泽石刻博物馆","博物馆地址","宁波市镇海区沿江东路198号"
"湖州市南浔区徐迟文学馆","联系方式","0574-86255760"
"平湖市博物馆","博物馆性质","国有博物馆"
"湖州瑞一历史文物博物馆","主键","203b7bf0-45e7-415d-b9c9-dea46b3b79e7"
"宁海县许家山石文化展示馆","行政区划名称","宁波市"
"宁波市海曙区耕泽石刻博物馆","博物馆地址","绍兴市树下王路15号水街文创园"
"宁波市海曙区耕泽石刻博物馆","博物馆地址","临海市桃渚镇洞港农场内"
"宁波市海曙区耕泽石刻博物馆","博物馆地址","宁波市华楼街5号"
"湖州市南浔区徐迟文学馆","联系方式","0574-87108710"
"平湖市博物馆","博物馆性质","国有博物馆"
"湖州瑞一历史文物博物馆","主键","aaaaa891-133f-4d27-a79b-ff8330ce1616"
"宁海县许家山石文化展示馆","行政区划名称","宁波市"
"宁波市海曙区耕泽石刻博物馆","博物馆地址","杭州市上城区粮道山18号"
"湖州市南浔区徐迟文学馆","联系方式","0571-87802660"
"平湖市博物馆","博物馆性质","国有博物馆"
"湖州瑞一历史文物博物馆","主键","32a19418-8526-4d5a-9de2-4be2e118e5f5"
"宁海县许家山石文化展示馆","行政区划名称","杭州市"
"宁波市海曙区耕泽石刻博物馆","博物馆地址","宁波市鄞州区东钱湖钱湖东路99号"
"湖州市南浔区徐迟文学馆","联系方式","0574-82832267"
"平湖市博物馆","博物馆性质","国有博物馆"
"湖州瑞一历史文物博物馆","主键","cebbc080-0e44-4bd8-8b82-87293b274773"
"宁海县许家山石文化展示馆","行政区划名称","宁波市"
"宁波市海曙区耕泽石刻博物馆","博物馆地址","宁波市鄞州区邱隘镇人民南路200号"
"湖州市南浔区徐迟文学馆","联系方式","0574-83001606"
"平湖市博物馆","博物馆性质","非国有博物馆"
"湖州瑞一历史文物博物馆","主键","619e3dc8-96b4-4f99-9190-ecf3282ed5dc"
"宁海县许家山石文化展示馆","行政区划名称","宁波市"
"宁波市海曙区耕泽石刻博物馆","博物馆地址","湖州市德清县阜溪街道临溪街778号"
"湖州市南浔区徐迟文学馆","联系方式","0572-8351118"
"平湖市博物馆","博物馆性质","非国有博物馆"
"湖州瑞一历史文物博物馆","主键","18489aea-a804-444e-b0e4-f5fbde54bde8"
"宁海县许家山石文化展示馆","行政区划名称","湖州市"
"宁波市海曙区耕泽石刻博物馆","博物馆地址","宁海县大佳何村"
"宁波市海曙区耕泽石刻博物馆","博物馆地址","宁海县跃龙街道桃源南路20号"
"湖州市南浔区徐迟文学馆","联系方式","0574-65558585"
"平湖市博物馆","博物馆性质","国有博物馆"
"湖州瑞一历史文物博物馆","主键","53ffb5f7-ad5e-45ce-92c1-3131d606d84b"
"宁海县许家山石文化展示馆","行政区划名称","宁波市"
"宁波市海曙区耕泽石刻博物馆","博物馆地址","余姚市泗门镇望安路14号成之庄"
"宁波市海曙区耕泽石刻博物馆","博物馆地址","丽水学院东校区15栋一楼"
"湖州市南浔区徐迟文学馆","联系方式","0578-2687858"
"平湖市博物馆","博物馆性质","非国有博物馆"
"湖州瑞一历史文物博物馆","主键","aca89a5a-d5f2-438d-8728-a43304eba2c9"
"宁海县许家山石文化展示馆","行政区划名称","丽水市"
"宁波市海曙区耕泽石刻博物馆","博物馆地址","瑞安市安阳路安庆小区7幢102"
"湖州市南浔区徐迟文学馆","联系方式","5.7725695118E10"
"平湖市博物馆","博物馆性质","非国有博物馆"
"湖州瑞一历史文物博物馆","主键","652e6b6a-828f-4bcf-a555-e9d508f01b50"
"宁海县许家山石文化展示馆","行政区划名称","温州市"
"宁波市海曙区耕泽石刻博物馆","博物馆地址","象山县丹城新华路279号"
"湖州市南浔区徐迟文学馆","联系方式","0574-65653855"
"平湖市博物馆","博物馆性质","国有博物馆"
"湖州瑞一历史文物博物馆","主键","8f2573dc-047e-4053-aa0a-07f641a1bf63"
"宁海县许家山石文化展示馆","行政区划名称","宁波市"
"宁波市海曙区耕泽石刻博物馆","博物馆地址","台州市椒江区前所街道椒北大街20号"
"宁波市海曙区耕泽石刻博物馆","博物馆地址","杭州市上城区万松岭路100——1号"
"湖州市南浔区徐迟文学馆","联系方式","0571-87977149"
"平湖市博物馆","博物馆性质","国有博物馆"
"湖州瑞一历史文物博物馆","主键","b8efac58-1a81-44e1-b97c-d276adc60686"
"宁海县许家山石文化展示馆","行政区划名称","杭州市"
"宁波市海曙区耕泽石刻博物馆","博物馆地址","湖州市长兴县煤山镇温塘村55-1"
"湖州市南浔区徐迟文学馆","联系方式","0572-6078039"
"平湖市博物馆","博物馆性质","国有博物馆"
"湖州瑞一历史文物博物馆","主键","5f5c0c30-7fa4-4547-a5bb-39d66ab4974f"
"宁海县许家山石文化展示馆","行政区划名称","湖州市"
"宁波市海曙区耕泽石刻博物馆","博物馆地址","瑞安市莘塍街道仙甲季村"
"宁波市海曙区耕泽石刻博物馆","博物馆地址","台州市黄岩区头陀镇小里灰村"
"宁波市海曙区耕泽石刻博物馆","博物馆地址","宁波市海曙区高桥镇民乐村"
"湖州市南浔区徐迟文学馆","联系方式","1.3805872259E10"
"平湖市博物馆","博物馆性质","非国有博物馆"
"湖州瑞一历史文物博物馆","主键","98946ebf-a1e0-4220-8b80-009a2b2667d2"
"宁海县许家山石文化展示馆","行政区划名称","宁波市"
"宁波市海曙区耕泽石刻博物馆","博物馆地址","浙江省绍兴市越城区越西路237号"
"湖州市南浔区徐迟文学馆","联系方式","0575-85357879"
"平湖市博物馆","博物馆性质","非国有博物馆"
"湖州瑞一历史文物博物馆","主键","5713eac1-6e51-486f-9cde-072a833b5224"
"宁海县许家山石文化展示馆","行政区划名称","绍兴市"
"宁波市海曙区耕泽石刻博物馆","博物馆地址","绍兴市越城区鲁迅中路393号"
"湖州市南浔区徐迟文学馆","联系方式","0575-85132080"
"平湖市博物馆","博物馆性质","国有博物馆"
"湖州瑞一历史文物博物馆","主键","f915b755-66bd-445f-be8d-850aa424437c"
"宁海县许家山石文化展示馆","行政区划名称","绍兴市"
"宁波市海曙区耕泽石刻博物馆","博物馆地址","嵊州市百步阶8号"
"湖州市南浔区徐迟文学馆","联系方式","8.3022152E7"
"平湖市博物馆","博物馆性质","国有博物馆"
"湖州瑞一历史文物博物馆","主键","45de10ca-a0ad-4cb0-a45d-733cbdb06fce"
"宁海县许家山石文化展示馆","行政区划名称","绍兴市"
"宁波市海曙区耕泽石刻博物馆","博物馆地址","瑞安市塘下镇肇平垟中村"
"湖州市南浔区徐迟文学馆","联系方式","0577-65371948"
"平湖市博物馆","博物馆性质","非国有博物馆"
"湖州瑞一历史文物博物馆","主键","84f4886c-69db-4284-b302-46df8273f8fa"
"宁海县许家山石文化展示馆","行政区划名称","温州市"
"宁波市海曙区耕泽石刻博物馆","博物馆地址","嘉兴市中和街28号"
"湖州市南浔区徐迟文学馆","联系方式","0573-82051753"
"平湖市博物馆","博物馆性质","国有博物馆"
"湖州瑞一历史文物博物馆","主键","85d229d5-8f89-4ef1-a450-6165d6cd9aa0"
"宁海县许家山石文化展示馆","行政区划名称","嘉兴市"
"宁波市海曙区耕泽石刻博物馆","博物馆地址","浙江省安吉县昌硕街道安吉大道2号"
"湖州市南浔区徐迟文学馆","联系方式","0572-5024258"
"平湖市博物馆","博物馆性质","国有博物馆"
"湖州瑞一历史文物博物馆","主键","1daa2952-64df-4c00-ac8b-65edc20dd2df"
"宁海县许家山石文化展示馆","行政区划名称","湖州市"
"宁波市海曙区耕泽石刻博物馆","博物馆地址","瑞安市马屿镇后岼村"
"湖州市南浔区徐迟文学馆","联系方式","1.3758773481E10"
"平湖市博物馆","博物馆性质","非国有博物馆"
"湖州瑞一历史文物博物馆","主键","15030a36-1733-4a00-92f2-df98cdafd890"
"宁海县许家山石文化展示馆","行政区划名称","温州市"
"宁波市海曙区耕泽石刻博物馆","博物馆地址","杭州市西湖区孤山路25号"
"湖州市南浔区徐迟文学馆","联系方式","0571-87971177"
"平湖市博物馆","博物馆性质","国有博物馆"
"湖州瑞一历史文物博物馆","主键","35359017-1889-4aba-aa0b-f31c40609a10"
"宁海县许家山石文化展示馆","行政区划名称","杭州市"
"宁波市海曙区耕泽石刻博物馆","博物馆地址","柯桥区兜率天宫景区二层"
"湖州市南浔区徐迟文学馆","联系方式","1.3819510219E10"
"平湖市博物馆","博物馆性质","非国有博物馆"
"湖州瑞一历史文物博物馆","主键","b0a0653f-621c-4ea6-ac6a-71c5f24259ff"
"宁海县许家山石文化展示馆","行政区划名称","绍兴市"
"宁波市海曙区耕泽石刻博物馆","博物馆地址","宁波市奉化区体育场路56号"
"湖州市南浔区徐迟文学馆","联系方式","0574-88978226"
"平湖市博物馆","博物馆性质","国有博物馆"
"湖州瑞一历史文物博物馆","主键","70ea76a4-c4e2-4656-a668-a6ba21f8c1a5"
"宁海县许家山石文化展示馆","行政区划名称","宁波市"
"宁波市海曙区耕泽石刻博物馆","博物馆地址","绍兴市柯桥区明珠路398号"
"湖州市南浔区徐迟文学馆","联系方式","0575-85282950"
"平湖市博物馆","博物馆性质","国有博物馆"
"湖州瑞一历史文物博物馆","主键","a95b471f-d566-4a6f-bcec-400e3cf8f16b"
"宁海县许家山石文化展示馆","行政区划名称","绍兴市"
"宁波市海曙区耕泽石刻博物馆","博物馆地址","浦江县浦阳街道新华东路68号"
"湖州市南浔区徐迟文学馆","联系方式","0579-84205228"
"平湖市博物馆","博物馆性质","国有博物馆"
"湖州瑞一历史文物博物馆","主键","67e32d53-806c-40e2-af7b-f63a22c73cb5"
"宁海县许家山石文化展示馆","行政区划名称","金华市"
"宁波市海曙区耕泽石刻博物馆","博物馆地址","温州市龙湾区永中街道天柱路223号"
"宁波市海曙区耕泽石刻博物馆","博物馆地址","西湖区北山路41-42号"
"湖州市南浔区徐迟文学馆","联系方式","0571-87972002"
"平湖市博物馆","博物馆性质","国有博物馆"
"湖州瑞一历史文物博物馆","主键","ae9c7a86-c1ac-4a75-9e54-7da908f94686"
"宁海县许家山石文化展示馆","行政区划名称","杭州市"
"宁波市海曙区耕泽石刻博物馆","博物馆地址","温州市龙湾区机场大道501号"
"湖州市南浔区徐迟文学馆","联系方式","0577-86376530"
"平湖市博物馆","博物馆性质","国有博物馆"
"湖州瑞一历史文物博物馆","主键","8476b319-9986-48b4-add1-27c5e4f242e1"
"宁海县许家山石文化展示馆","行政区划名称","温州市"
"宁波市海曙区耕泽石刻博物馆","博物馆地址","杭州市淳安县千岛湖镇梦姑路158号"
"宁波市海曙区耕泽石刻博物馆","博物馆地址","玉环市玉城街道外马道村"
"湖州市南浔区徐迟文学馆","联系方式","0576-87207622"
"平湖市博物馆","博物馆性质","非国有博物馆"
"湖州瑞一历史文物博物馆","主键","9f372600-e731-4b05-87a3-7f8fae464ae4"
"宁海县许家山石文化展示馆","行政区划名称","台州市"
"宁波市海曙区耕泽石刻博物馆","博物馆地址"," 浙江省桐乡市环园路399号"
"湖州市南浔区徐迟文学馆","联系方式","0573-89378293"
"平湖市博物馆","博物馆性质","国有博物馆"
"湖州瑞一历史文物博物馆","主键","df4dd156-3bac-4f5f-a8d3-23d5d5540a31"
"宁海县许家山石文化展示馆","行政区划名称","嘉兴市"
"宁波市海曙区耕泽石刻博物馆","博物馆地址","杭州市西溪湿地西区民俗文化村"
"湖州市南浔区徐迟文学馆","联系方式","0571-86915756"
"平湖市博物馆","博物馆性质","非国有博物馆"
"湖州瑞一历史文物博物馆","主键","11c88b73-bcce-4f4e-a8ed-305f5a112dc0"
"宁海县许家山石文化展示馆","行政区划名称","杭州市"
"宁波市海曙区耕泽石刻博物馆","博物馆地址","慈溪市孙塘南路南段382号"
"湖州市南浔区徐迟文学馆","联系方式","0574-63112312"
"平湖市博物馆","博物馆性质","非国有博物馆"
"湖州瑞一历史文物博物馆","主键","e65f33ae-1e5b-41ec-99df-c7a5a74f7e96"
"宁海县许家山石文化展示馆","行政区划名称","宁波市"
"宁波市海曙区耕泽石刻博物馆","博物馆地址","湖州莫干山高新技术产业开发区珍珠街9号"
"宁波市海曙区耕泽石刻博物馆","博物馆地址","杭州市上城区马市街16号"
"湖州市南浔区徐迟文学馆","联系方式","0571-87068558"
"平湖市博物馆","博物馆性质","国有博物馆"
"湖州瑞一历史文物博物馆","主键","0959d2b3-f98c-4f68-91c0-585f1f268a58"
"宁海县许家山石文化展示馆","行政区划名称","杭州市"
"宁波市海曙区耕泽石刻博物馆","博物馆地址","平湖市当湖街道乐园路80-136号"
"湖州市南浔区徐迟文学馆","联系方式","0573-85119181"
"平湖市博物馆","博物馆性质","国有博物馆"
"湖州瑞一历史文物博物馆","主键","a5b0d272-3204-414f-a42c-761ac0644077"
"宁海县许家山石文化展示馆","行政区划名称","嘉兴市"
"宁波市海曙区耕泽石刻博物馆","博物馆地址","杭州市上城区长生路55号"
"湖州市南浔区徐迟文学馆","联系方式","0571-87064310"
"平湖市博物馆","博物馆性质","国有博物馆"
"湖州瑞一历史文物博物馆","主键","f6f8df7a-2c85-4c50-a94c-1694ae2e0521"
"宁海县许家山石文化展示馆","行政区划名称","杭州市"
"宁波市海曙区耕泽石刻博物馆","博物馆地址","浙江省桐乡市乌镇镇观前街17号"
"湖州市南浔区徐迟文学馆","联系方式","0573-88711377"
"平湖市博物馆","博物馆性质","国有博物馆"
"湖州瑞一历史文物博物馆","主键","e78fe24f-b321-400e-a3ea-d54082102db2"
"宁海县许家山石文化展示馆","行政区划名称","嘉兴市"
"宁波市海曙区耕泽石刻博物馆","博物馆地址","浦江县书画街5号"
"湖州市南浔区徐迟文学馆","联系方式","0579-84110115"
"平湖市博物馆","博物馆性质","国有博物馆"
"湖州瑞一历史文物博物馆","主键","0a098f80-4648-4151-9711-85bd9597f38a"
"宁海县许家山石文化展示馆","行政区划名称","金华市"
"宁波市海曙区耕泽石刻博物馆","博物馆地址","龙湾区永中街道新城村王氏宗祠"
"宁波市海曙区耕泽石刻博物馆","博物馆地址","仙居县安洲街道艺城中路11号"
"湖州市南浔区徐迟文学馆","联系方式","0576-87817880"
"平湖市博物馆","博物馆性质","非国有博物馆"
"湖州瑞一历史文物博物馆","主键","90f9edb3-5d19-4cd0-b73f-5d2b331b85bd"
"宁海县许家山石文化展示馆","行政区划名称","台州市"
"宁波市海曙区耕泽石刻博物馆","博物馆地址","遂昌县北街四弄12-14号"
"湖州市南浔区徐迟文学馆","联系方式","0578-821892"
"平湖市博物馆","博物馆性质","国有博物馆"
"湖州瑞一历史文物博物馆","主键","34480c65-9a29-4763-b0e3-0164331654aa"
"宁海县许家山石文化展示馆","行政区划名称","丽水市"
"宁波市海曙区耕泽石刻博物馆","博物馆地址","平湖市当湖街道人民西路39号"
"湖州市南浔区徐迟文学馆","联系方式","0573-85022020"
"平湖市博物馆","博物馆性质","国有博物馆"
"湖州瑞一历史文物博物馆","主键","fcb63300-67e8-4e98-8da1-a6aaadf2f912"
"宁海县许家山石文化展示馆","行政区划名称","嘉兴市"
"宁波市海曙区耕泽石刻博物馆","博物馆地址","浙江省杭州市大井巷95号"
"湖州市南浔区徐迟文学馆","联系方式","0571-87839108"
"平湖市博物馆","博物馆性质","非国有博物馆"
"湖州瑞一历史文物博物馆","主键","65b70505-cc99-4239-b8ae-053283019d13"
"宁海县许家山石文化展示馆","行政区划名称","杭州市"
"宁波市海曙区耕泽石刻博物馆","博物馆地址","绍兴市城市广场22号"
"湖州市南浔区徐迟文学馆","联系方式","8.5171778E7"
"平湖市博物馆","博物馆性质","非国有博物馆"
"湖州瑞一历史文物博物馆","主键","ad0d6bce-8915-4a4d-ae5a-fcdfbbb69ec0"
"宁海县许家山石文化展示馆","行政区划名称","绍兴市"
"宁波市海曙区耕泽石刻博物馆","博物馆地址","温州市市府路491号"
"湖州市南浔区徐迟文学馆","联系方式","0577-56988690"
"平湖市博物馆","博物馆性质","国有博物馆"
"湖州瑞一历史文物博物馆","主键","6577bc53-98f9-4c61-bb97-abb6c5bcbcb3"
"宁海县许家山石文化展示馆","行政区划名称","温州市"
"宁波市海曙区耕泽石刻博物馆","博物馆地址","杭州市富阳区江滨西大道159号"
"湖州市南浔区徐迟文学馆","联系方式","0571-58970000"
"平湖市博物馆","博物馆性质","国有博物馆"
"湖州瑞一历史文物博物馆","主键","5ea6bd83-a385-4925-ad33-f3b5b03ec66c"
"宁海县许家山石文化展示馆","行政区划名称","杭州市"
"宁波市海曙区耕泽石刻博物馆","博物馆地址","慈溪市匡堰镇王家埭南路1号"
"宁波市海曙区耕泽石刻博物馆","博物馆地址","杭州市拱墅区小河路450号、334号"
"湖州市南浔区徐迟文学馆","联系方式","0571-88197518"
"平湖市博物馆","博物馆性质","国有博物馆"
"湖州瑞一历史文物博物馆","主键","fc58bf7f-f1c5-492a-8184-d460db692d38"
"宁海县许家山石文化展示馆","行政区划名称","杭州市"
"宁波市海曙区耕泽石刻博物馆","博物馆地址","锦城街道天目路800号"
"湖州市南浔区徐迟文学馆","联系方式","0571-58618805；0571-63748538"
"平湖市博物馆","博物馆性质","国有博物馆"
"湖州瑞一历史文物博物馆","主键","c2a83a8b-2d44-465c-9832-90a7cbb16ffb"
"宁海县许家山石文化展示馆","行政区划名称","杭州市"
"宁波市海曙区耕泽石刻博物馆","博物馆地址","遂昌县上江工业园区        炭缘路1号"
"湖州市南浔区徐迟文学馆","联系方式","0578-8185018"
"平湖市博物馆","博物馆性质","非国有博物馆"
"湖州瑞一历史文物博物馆","主键","0e9b416f-2071-4111-8347-e5b7072bb7a7"
"宁海县许家山石文化展示馆","行政区划名称","丽水市"
